ID,activity
1.0,4.61408713595
2.0,4.60450548735
3.0,4.46285371759
4.0,4.57420183176
5.0,4.59056460146
6.0,4.51051873432
7.0,4.49870103726
8.0,4.53357181553
9.0,4.65311529135
10.0,4.4593322933
11.0,4.41449186963
12.0,4.64238581711
13.0,4.66820692358
14.0,4.61168003944
15.0,4.51780402861
16.0,4.62134027295
17.0,4.62138356183
18.0,4.60380203703
19.0,4.60432530292
20.0,4.64263225344
21.0,4.58725828693
22.0,4.61691819373
23.0,4.64022209372
24.0,4.60724634129
25.0,4.57167146992
26.0,4.57372082191
27.0,4.64518881453
28.0,4.45375374472
29.0,4.68864817676
30.0,4.79016630338
31.0,3.91229056623
32.0,3.39595888823
33.0,4.0805908333
34.0,5.00965897262
35.0,5.23081271544
36.0,5.24783682178
37.0,5.19861129061
38.0,5.1447125019
39.0,4.46600571344
40.0,4.60362774515
41.0,4.6432795905
42.0,4.66805147471
43.0,4.70428819327
44.0,4.73119484654
45.0,4.71956256503
46.0,4.68853829028
47.0,4.66653055648
48.0,4.66407751232
49.0,4.6796558295
50.0,4.74565800763
51.0,4.74495544391
52.0,5.30691056104
53.0,5.7552580053
54.0,5.82350541731
55.0,5.90119434823
56.0,5.87238985212
57.0,5.80934449471
58.0,5.8165744252
59.0,5.85687822022
60.0,5.85917539273
61.0,5.78181753618
62.0,5.73481981024
63.0,5.77330568097
64.0,5.73714705344
65.0,4.54338036438
66.0,5.41810915121
67.0,4.61501196571
68.0,4.34397319615
69.0,5.00293677404
70.0,4.49369229536
71.0,3.73310265425
72.0,3.88489349239
73.0,4.88235215537
74.0,5.44601968235
75.0,5.51463844807
76.0,5.80732709277
77.0,5.7381771126
78.0,5.64065993279
79.0,2.06678095279
80.0,1.98857172494
81.0,1.93871020509
82.0,1.99260332316
83.0,2.13862399918
84.0,1.97125061204
85.0,1.90902673979
86.0,1.98963099311
87.0,2.00935476802
88.0,1.98768969804
89.0,2.09796114231
90.0,2.01623661828
91.0,2.0113826852
92.0,2.03539638398
93.0,1.92488611637
94.0,1.93955376297
95.0,1.96845865265
96.0,1.97557781247
97.0,2.03753975353
98.0,2.0873418277
99.0,2.04546927028
100.0,1.9682025408
101.0,2.01741636534
102.0,1.99477824064
103.0,1.95321891515
104.0,1.91025285575
105.0,1.97877061893
106.0,1.99246826128
107.0,2.10377459285
108.0,1.91181248171
109.0,1.8556420238
110.0,2.08037932916
111.0,2.16400459109
112.0,2.03409301375
113.0,2.01130411245
114.0,1.92815647234
115.0,1.96564657824
116.0,1.95721227314
117.0,2.00280936621
118.0,2.03080900159
119.0,2.01618018621
120.0,1.95705095171
121.0,1.94960288034
122.0,2.03419257825
123.0,2.10858143509
124.0,2.13924858311
125.0,2.06438938733
126.0,2.06625018955
127.0,1.9790570409
128.0,2.0209748051
129.0,2.09432157265
130.0,2.00768328532
131.0,2.04767501607
132.0,1.96521408198
133.0,2.00284665611
134.0,2.06983801618
135.0,2.02977656222
136.0,2.06990782368
137.0,2.07812593605
138.0,1.87318744547
139.0,2.1026986742
140.0,2.31145220012
141.0,2.14769408268
142.0,2.21913017415
143.0,2.25080619324
144.0,2.15993545271
145.0,1.87388102025
146.0,1.94572765534
147.0,2.22430534965
148.0,2.11117420422
149.0,1.9743846719
150.0,2.14609871794
151.0,2.22464065981
152.0,2.27293344303
153.0,2.38615707608
154.0,2.25810405995
155.0,2.05196139414
156.0,2.17212203359
157.0,2.18105396716
158.0,2.05602398558
159.0,2.07842936802
160.0,2.2377243315
161.0,2.56541745886
162.0,2.50253859916
163.0,2.42303440463
164.0,2.38202150217
165.0,2.42946482095
166.0,2.55790898311
167.0,2.59730933498
168.0,2.36506398464
169.0,2.3103006816
170.0,2.32483044051
171.0,2.40034325658
172.0,2.40568970124
173.0,2.31962620366
174.0,2.21982081016
175.0,2.32002723386
176.0,2.36023848639
177.0,4.53242679604
178.0,4.52648148198
179.0,4.51725042237
180.0,4.43272374461
181.0,4.42654298379
182.0,4.46795453543
183.0,4.48725951939
184.0,4.63443109172
185.0,4.59937512276
186.0,4.55277464223
187.0,4.66828067993
188.0,4.71433923099
189.0,4.6658305326
190.0,4.62068042188
191.0,4.50394674328
192.0,4.59381218928
193.0,4.68400898812
194.0,4.60944768809
195.0,4.54994220985
196.0,4.6537464809
197.0,4.69124105885
198.0,4.74170135144
199.0,4.71810329572
200.0,4.6754360863
201.0,4.77794548917
202.0,4.74031903217
203.0,4.63585097048
204.0,4.8312879585
205.0,4.84119445786
206.0,4.80414331578
207.0,4.81433932961
208.0,4.84972682283
209.0,4.8905366498
210.0,4.90417252692
211.0,4.855856316
212.0,4.7933760587
213.0,4.81835563398
214.0,5.30521954817
215.0,5.70847439384
216.0,5.69970233234
217.0,5.66913212912
218.0,5.75041273486
219.0,5.79186274883
220.0,5.70067447954
221.0,5.70393410649
222.0,5.74578453363
223.0,5.73314303318
224.0,5.76240031102
225.0,5.82334601917
226.0,4.17561531696
227.0,4.4584066209
228.0,4.61388530243
229.0,4.64435256922
230.0,4.59392712282
231.0,4.51391464193
232.0,4.56084102568
233.0,4.72279964661
234.0,4.75489335741
235.0,4.70140883816
236.0,4.66808690911
237.0,4.55190676849
238.0,3.8821821395
239.0,4.41575696745
240.0,5.21174969125
241.0,5.35773500398
242.0,5.65222072296
243.0,5.689852895
244.0,5.70356079605
245.0,5.81122691508
246.0,5.83077317085
247.0,5.73159614216
248.0,5.65563956501
249.0,2.21495886449
250.0,2.10494010916
251.0,2.0812345635
252.0,2.08562317208
253.0,2.0244791909
254.0,2.04366746676
255.0,1.97107714144
256.0,1.94918277787
257.0,2.12059837018
258.0,2.04722022916
259.0,1.99405492813
260.0,2.1424150812
261.0,2.07183850376
262.0,1.95773366258
263.0,1.99202731867
264.0,1.89982225644
265.0,1.89112628078
266.0,1.90640780075
267.0,1.95376254584
268.0,1.95031364901
269.0,2.00505468864
270.0,1.9121553287
271.0,1.92429593232
272.0,1.93258932884
273.0,2.05252919043
274.0,2.07286481926
275.0,2.09074784299
276.0,1.92208125888
277.0,1.95418546802
278.0,1.98882909822
279.0,2.05318291483
280.0,2.13249475295
281.0,2.10426964549
282.0,2.10346094838
283.0,1.99985859242
284.0,1.9700342581
285.0,2.03628824057
286.0,1.9820986934
287.0,1.88143223389
288.0,1.89210046915
289.0,1.90772784972
290.0,1.95167436468
291.0,2.01501629352
292.0,1.86225569562
293.0,1.82180056266
294.0,1.95858269112
295.0,2.01498092514
296.0,2.10327813592
297.0,2.22984642935
298.0,2.14860773467
299.0,2.29038584344
300.0,2.04618204107
301.0,1.90294624246
302.0,2.02261928407
303.0,2.02105815776
304.0,2.33490772645
305.0,2.34959786047
306.0,2.39428679912
307.0,2.5662503344
308.0,2.40055175103
309.0,2.22023553652
310.0,2.23389904286
311.0,2.26256005731
312.0,2.41855392429
313.0,2.29489444296
314.0,2.32256815679
315.0,2.24666906533
316.0,2.21506894133
317.0,2.33418155796
318.0,2.31199919578
319.0,2.21982530363
320.0,2.20109494014
321.0,2.32294493855
322.0,2.31850609235
323.0,2.42158070084
324.0,2.44846088156
325.0,2.38118382314
326.0,2.18409037983
327.0,2.20684469727
328.0,2.24540287276
329.0,2.2400708274
330.0,2.2836330113
331.0,2.2829253715
332.0,2.0552472073
333.0,1.94020343971
334.0,2.10075344136
335.0,2.13467756626
336.0,1.91456530391
337.0,2.05837122408
338.0,2.18757304465
339.0,2.1258090243
340.0,1.94277891516
341.0,1.91046434583
342.0,1.97718689066
343.0,2.1464981886
344.0,2.09403064384
345.0,2.00387453452
346.0,2.18538211027
347.0,2.2191365773
348.0,3.17104976658
349.0,4.02053840209
350.0,4.40364844458
351.0,4.11925576191
352.0,3.74784036281
353.0,3.63521995642
354.0,3.57563351801
355.0,3.6191165722
356.0,3.44687032253
357.0,3.26679254149
358.0,3.26399055831
359.0,3.61917608934
360.0,3.97655422337
361.0,3.79866237829
362.0,3.56710799188
363.0,3.53120625001
364.0,4.3156171701
365.0,4.46009655588
366.0,4.35519004198
367.0,4.42703911483
368.0,4.38561874514
369.0,4.22836613303
370.0,4.15744047109
371.0,4.31493064699
372.0,4.55885689669
373.0,4.61455181009
374.0,4.62096969707
375.0,4.65317867789
376.0,4.66945210687
377.0,4.68663580466
378.0,4.4977347973
379.0,4.40620532851
380.0,4.23251154196
381.0,4.2593869202
382.0,4.45552516971
383.0,4.54042966792
384.0,4.57229938097
385.0,4.19109578274
386.0,3.79633544194
387.0,4.02192457529
388.0,4.26765242457
389.0,4.24728038838
390.0,4.42870576417
391.0,3.69998361963
392.0,4.15760709894
393.0,4.33104503852
394.0,4.47800609399
395.0,4.47902649577
396.0,4.54632158222
397.0,4.55397950739
398.0,4.46241323978
399.0,4.34109337028
400.0,4.3311801471
401.0,4.50537019002
402.0,4.48413174686
403.0,4.40061951881
404.0,4.4418483166
405.0,4.70030213286
406.0,5.29002318037
407.0,5.57601825285
408.0,5.79201616765
409.0,5.70037835242
410.0,5.68909309125
411.0,5.62607701531
412.0,5.49175068993
413.0,5.47574274714
414.0,5.41489994546
415.0,5.42370076229
416.0,5.53661110516
417.0,5.32537179333
418.0,5.10788417813
419.0,5.21148270155
420.0,5.49429236894
421.0,5.71489095525
422.0,5.69893165989
423.0,5.76493540075
424.0,5.88531036183
425.0,5.87906989927
426.0,5.85900979821
427.0,5.76945061656
428.0,5.7637863787
429.0,5.7417132003
430.0,5.71285443919
431.0,5.76215254833
432.0,5.85308604332
433.0,5.83338200715
434.0,5.77152333974
435.0,2.29615880625
436.0,2.14332322363
437.0,2.07546034775
438.0,1.94738133108
439.0,2.02044179876
440.0,2.02709773472
441.0,1.83325528248
442.0,1.93124164775
443.0,1.95727020436
444.0,1.88616946024
445.0,1.9944266151
446.0,1.99355066313
447.0,1.95351052246
448.0,1.87877460869
449.0,1.83831077341
450.0,1.98422722457
451.0,2.39879488355
452.0,2.26744635031
453.0,2.02940738637
454.0,1.91388455902
455.0,1.88140024356
456.0,1.84119726526
457.0,1.91311705936
458.0,1.91788018115
459.0,1.91249329376
460.0,1.80275280812
461.0,1.87703873716
462.0,1.94918385214
463.0,2.0668032224
464.0,2.00460661208
465.0,1.96314005125
466.0,2.40954058071
467.0,2.26003420506
468.0,2.09781967407
469.0,2.36818581157
470.0,2.48913971149
471.0,2.32352828008
472.0,2.31238203004
473.0,2.20506871964
474.0,2.27506405252
475.0,2.15169168982
476.0,2.19483599021
477.0,2.21842651523
478.0,2.17994609052
479.0,2.30118709918
480.0,2.38853916892
481.0,2.35960173316
482.0,2.53902875089
483.0,2.45166317395
484.0,2.14503342281
485.0,2.20347167008
486.0,2.2123191438
487.0,2.39700283654
488.0,2.54970134738
489.0,2.33473164974
490.0,2.41471346464
491.0,2.55825915249
492.0,2.65764218542
493.0,2.49360440299
494.0,2.41913085459
495.0,2.41553690438
496.0,2.53436988081
497.0,2.59903534996
498.0,2.13315967813
499.0,2.25887134082
500.0,2.22243543642
501.0,2.16688152593
502.0,2.18453013159
503.0,2.25028207172
504.0,2.27088727675
505.0,2.21738269803
506.0,2.24445637584
507.0,2.22559216369
508.0,2.2615722324
509.0,2.31477562298
510.0,2.2887497445
511.0,2.22463208594
512.0,2.2797229922
513.0,2.32508949221
514.0,2.44635386127
515.0,2.08349917086
516.0,2.29073591999
517.0,2.42886756923
518.0,2.25237061574
519.0,2.29487351866
520.0,2.43964516687
521.0,2.2211549675
522.0,2.00022166652
523.0,3.6679497998
524.0,3.81200274257
525.0,3.60778658086
526.0,3.76859151174
527.0,4.02822379897
528.0,4.25187092072
529.0,4.50518169227
530.0,4.59183854048
531.0,4.57183002702
532.0,4.62302475365
533.0,4.62442193118
534.0,4.60965221195
535.0,4.65095015701
536.0,4.70172685202
537.0,3.56794572685
538.0,3.56651289313
539.0,3.39081814865
540.0,3.55188922822
541.0,4.03619876515
542.0,4.12272129198
543.0,3.92838743891
544.0,4.12163485589
545.0,4.22593500852
546.0,3.98144180478
547.0,3.99588790018
548.0,4.18923596258
549.0,4.37632954787
550.0,4.49360214541
551.0,4.41878816458
552.0,4.45163451647
553.0,3.81046210592
554.0,4.09428856391
555.0,4.55088865475
556.0,4.74149681352
557.0,4.7699996945
558.0,4.77492712693
559.0,4.78311909649
560.0,4.61891383903
561.0,4.4490490871
562.0,4.47422707833
563.0,4.26351630777
564.0,4.20788570375
565.0,2.74490728458
566.0,3.42380265778
567.0,3.85310820087
568.0,3.86061789
569.0,4.0160666482
570.0,4.42883500124
571.0,4.50079900031
572.0,4.63066628984
573.0,4.57449869084
574.0,4.38303765676
575.0,4.37813780689
576.0,4.10051197312
577.0,3.8374788775
578.0,3.75528931216
579.0,4.72459044628
580.0,5.54585023131
581.0,5.66648679492
582.0,5.61435296113
583.0,5.74062144749
584.0,5.82683720807
585.0,5.82066224284
586.0,5.90456505797
587.0,5.7268296539
588.0,5.38999485491
589.0,5.31574469382
590.0,5.12689138231
591.0,4.87893933946
592.0,5.09029381523
593.0,5.38457757042
594.0,5.28395758792
595.0,5.00769530703
596.0,5.31917463187
597.0,5.39408765829
598.0,5.58953509589
599.0,5.58661598576
600.0,5.6932360971
601.0,5.7547282967
602.0,5.77434087214
603.0,5.804130629
604.0,5.67568628216
605.0,5.60889122928
606.0,5.62015951659
607.0,5.6612328849
608.0,5.57277410789
609.0,5.54645957893
610.0,5.67176343417
611.0,1.9041973161
612.0,1.9324497585
613.0,1.9734175201
614.0,1.94202507133
615.0,1.87292589446
616.0,1.87028877053
617.0,1.83999025572
618.0,1.773248627
619.0,1.8383543381
620.0,1.86915646723
621.0,1.79104964535
622.0,1.80593079686
623.0,1.79507810669
624.0,1.98040158032
625.0,1.86129925726
626.0,1.81409413043
627.0,1.84251855257
628.0,1.84787181901
629.0,1.85321266474
630.0,1.81364750363
631.0,1.79457148457
632.0,1.89456982772
633.0,1.93167419552
634.0,1.9144877401
635.0,1.88285322779
636.0,1.88366503005
637.0,2.00443475532
638.0,2.10272287165
639.0,2.06652956817
640.0,2.08838940693
641.0,2.10210356748
642.0,2.00385937759
643.0,2.05288779248
644.0,2.22506130994
645.0,2.26082214688
646.0,2.2823688439
647.0,2.32925107629
648.0,2.28925059527
649.0,2.14147667935
650.0,2.18070689933
651.0,2.26255481517
652.0,2.26534484769
653.0,2.34681468066
654.0,2.41672473971
655.0,2.33115930569
656.0,2.09517255433
657.0,2.14038103684
658.0,2.15788451882
659.0,2.06585986119
660.0,2.11180177402
661.0,2.18200846595
662.0,2.19506270388
663.0,2.28221182158
664.0,2.28205395691
665.0,2.18618041471
666.0,2.39975362241
667.0,2.38108832433
668.0,2.23050007603
669.0,2.36566051311
670.0,2.47178997606
671.0,2.31870499131
672.0,2.31960029614
673.0,2.12817726012
674.0,2.04055841958
675.0,2.29825776639
676.0,2.29145085786
677.0,2.09301409428
678.0,2.18993904181
679.0,2.29299215824
680.0,2.23766053366
681.0,2.14552393029
682.0,2.26135273693
683.0,2.3928594272
684.0,2.35875002742
685.0,2.41649652945
686.0,2.32270463845
687.0,2.28512585291
688.0,2.33660111211
689.0,3.37721150459
690.0,4.03267175645
691.0,3.70178340234
692.0,3.26570427617
693.0,3.31394010005
694.0,3.87301964531
695.0,4.32718708187
696.0,4.29733790811
697.0,4.25084052686
698.0,4.32763661933
699.0,3.95049377592
700.0,3.99177939951
701.0,4.24151672376
702.0,4.30425716668
703.0,4.51973061266
704.0,3.69159097501
705.0,3.92524589369
706.0,3.9045830519
707.0,3.86264467499
708.0,4.05808123225
709.0,4.00011071193
710.0,4.16294831431
711.0,4.53809853397
712.0,4.55850938686
713.0,4.50301753458
714.0,4.49011855531
715.0,4.49408515247
716.0,4.4833294538
717.0,3.71084154409
718.0,3.8449306077
719.0,4.19044813148
720.0,4.74048186385
721.0,4.8078097609
722.0,4.74346314381
723.0,4.5230248711
724.0,4.2417022323
725.0,4.39164716972
726.0,4.81577808051
727.0,4.74949834409
728.0,3.6124190396
729.0,3.90035071614
730.0,3.98997947277
731.0,3.92262412846
732.0,3.93862234131
733.0,3.82400186164
734.0,3.83556960073
735.0,4.2272252506
736.0,4.34317901286
737.0,4.45962147602
738.0,4.4189598243
739.0,4.22389132105
740.0,4.58696206541
741.0,5.20599771725
742.0,5.18828362121
743.0,5.00117562707
744.0,5.27389039058
745.0,5.52638006494
746.0,5.75062846354
747.0,5.91215328079
748.0,5.72701846917
749.0,5.72657011423
750.0,5.74482358226
751.0,5.67554195582
752.0,5.72092936026
753.0,5.62405658251
754.0,5.02541861084
755.0,5.76856155553
756.0,5.74723641617
757.0,5.69493215574
758.0,5.73083466419
759.0,5.74644056597
760.0,5.72715302019
761.0,5.74176180006
762.0,5.72280180957
763.0,5.64870289822
764.0,5.75039393357
765.0,5.90106647603
766.0,5.84194025799
767.0,5.48157136376
768.0,2.18907846038
769.0,2.18291872041
770.0,2.09680528427
771.0,2.13512422714
772.0,1.98888021374
773.0,2.06542696537
774.0,2.27545041184
775.0,2.29467552359
776.0,2.16738572864
777.0,2.0453190161
778.0,2.17785740927
779.0,2.21316636584
780.0,2.0397024322
781.0,1.99974659547
782.0,2.11326566963
783.0,2.09593901254
784.0,2.30921949121
785.0,2.08606074382
786.0,2.16698998297
787.0,2.3504185987
788.0,2.24497043291
789.0,2.14657253944
790.0,2.16473606833
791.0,2.18197352168
792.0,2.23428519262
793.0,2.24493045146
794.0,2.06279079365
795.0,2.02117981019
796.0,2.21627356802
797.0,2.11272226011
798.0,2.02691622593
799.0,2.03226880819
800.0,2.18542842691
801.0,2.15288862102
802.0,2.12884484265
803.0,2.31324398772
804.0,2.14924430816
805.0,1.91982077113
806.0,2.18201785929
807.0,2.20360070055
808.0,2.11140241192
809.0,2.08021511166
810.0,2.24744409301
811.0,2.18363335075
812.0,2.24734959344
813.0,2.33013915149
814.0,2.14470028515
815.0,2.10617151159
816.0,2.12001217523
817.0,2.23554889755
818.0,2.20004151978
819.0,2.19786372287
820.0,2.25764758913
821.0,2.29021729648
822.0,2.25317624506
823.0,1.96665151201
824.0,2.08496468876
825.0,1.97760436903
826.0,2.00942232343
827.0,2.02996933048
828.0,2.01872075693
829.0,1.92501154071
830.0,2.0098407408
831.0,2.06622727117
832.0,1.78215421689
833.0,1.78721400604
834.0,1.94076874444
835.0,1.86027491019
836.0,1.88411037683
837.0,1.99420588472
838.0,2.09288772071
839.0,2.06709273909
840.0,2.00855263842
841.0,1.99128702604
842.0,2.05439776717
843.0,1.98964372619
844.0,2.00968685068
845.0,1.98512025308
846.0,2.06068393604
847.0,2.01906965646
848.0,3.09015864375
849.0,3.54597479798
850.0,3.7033647991
851.0,3.63184211402
852.0,3.83555976025
853.0,3.95181510681
854.0,4.05633880322
855.0,4.13919691051
856.0,4.22875810452
857.0,4.5007832284
858.0,4.58814852896
859.0,4.48299736193
860.0,4.48645909859
861.0,4.45011486257
862.0,3.46740015113
863.0,3.46475127038
864.0,3.56831690804
865.0,3.92207624687
866.0,3.83651472564
867.0,3.75305458428
868.0,4.04878456606
869.0,4.43444053941
870.0,4.49035037702
871.0,4.07256671557
872.0,3.6104876444
873.0,3.76610474946
874.0,4.31107702605
875.0,4.10687672457
876.0,3.80769148273
877.0,4.2612181169
878.0,4.47177838676
879.0,4.4968308755
880.0,4.52520551654
881.0,4.57065996472
882.0,4.54555150737
883.0,4.607459226
884.0,4.54831033536
885.0,4.49238662133
886.0,4.5295824541
887.0,3.72101002212
888.0,3.93107106754
889.0,3.83582046744
890.0,3.82423786504
891.0,4.18044276928
892.0,4.39734325385
893.0,4.39752685485
894.0,4.39002770971
895.0,4.38252647802
896.0,4.29560679411
897.0,5.12308414242
898.0,5.75294440845
899.0,5.74534600347
900.0,5.729863329
901.0,5.74360933021
902.0,5.80969671031
903.0,5.81379008356
904.0,5.82222418847
905.0,5.78678751638
906.0,5.78292723025
907.0,5.69160858377
908.0,5.53462789257
909.0,5.30629091863
910.0,5.71722227177
911.0,5.68966327197
912.0,5.8184439378
913.0,5.85051527064
914.0,5.91752150196
915.0,5.88643960803
916.0,5.82958587096
917.0,5.77086416555
918.0,5.73575533829
919.0,5.54971074184
920.0,5.55750380312
921.0,2.07171292172
922.0,1.89096976216
923.0,1.94858607834
924.0,1.88156994709
925.0,1.97327236034
926.0,2.1251010267
927.0,2.08604166515
928.0,2.16395377819
929.0,2.14247107259
930.0,2.2221117344
931.0,2.17960133394
932.0,2.03530555789
933.0,1.98453535107
934.0,1.90809898867
935.0,1.86260080515
936.0,2.02734962335
937.0,1.99233043719
938.0,2.0814291875
939.0,1.97078063741
940.0,1.87388207578
941.0,1.94078481264
942.0,2.08147620252
943.0,2.03985513462
944.0,2.02109086268
945.0,2.01261093235
946.0,2.04216289962
947.0,2.09851496391
948.0,2.34924427613
949.0,2.30598809521
950.0,2.18600606939
951.0,2.28174886183
952.0,2.16320798148
953.0,2.04811613412
954.0,2.0373647686
955.0,2.2227318294
956.0,1.96776768825
957.0,1.972418712
958.0,2.13189228948
959.0,2.10361420304
960.0,1.93929421931
961.0,1.98070090528
962.0,2.19790919458
963.0,2.12959331979
964.0,2.13330602474
965.0,2.16237620205
966.0,2.10707587913
967.0,2.01273495428
968.0,2.05880608402
969.0,1.9640614356
970.0,1.87662644356
971.0,1.91295145209
972.0,1.94064121148
973.0,1.9810899098
974.0,2.05730637514
975.0,2.03465198868
976.0,1.93322105626
977.0,1.96943670738
978.0,1.88206656732
979.0,1.90859950699
980.0,2.09029492192
981.0,2.09825062441
982.0,1.94188311715
983.0,2.00629445953
984.0,2.02969426846
985.0,2.16368406432
986.0,1.93607192606
987.0,1.85539808587
988.0,2.00378144732
989.0,2.12097335362
990.0,2.10252023757
991.0,3.67852571789
992.0,4.26481683493
993.0,4.48308562948
994.0,4.49731373804
995.0,4.48011837512
996.0,4.45405972228
997.0,4.34038259627
998.0,4.34189334439
999.0,4.53226788423
1000.0,4.66256961699
1001.0,4.61226557263
1002.0,4.61058318558
1003.0,4.43957710025
1004.0,3.79433149399
1005.0,3.91757282022
1006.0,4.27252348875
1007.0,4.36675195994
1008.0,4.46878370435
1009.0,3.97492603561
1010.0,3.659295681
1011.0,3.87191853677
1012.0,4.07888803095
1013.0,4.20944374674
1014.0,4.52334862648
1015.0,4.50541585415
1016.0,4.27717720101
1017.0,4.30846522682
1018.0,4.43205838575
1019.0,4.40425878248
1020.0,4.33000638479
1021.0,4.15144749989
1022.0,4.66624628538
1023.0,4.53640085084
1024.0,4.35458991981
1025.0,4.39920131056
1026.0,4.73165798262
1027.0,4.68053663313
1028.0,4.48978968561
1029.0,4.24247273429
1030.0,4.09358509755
1031.0,4.30228549777
1032.0,4.50083667151
1033.0,4.51295176549
1034.0,4.37160665361
1035.0,4.02127917069
1036.0,3.45187296642
1037.0,3.81055567772
1038.0,3.92551607232
1039.0,4.19145383394
1040.0,3.65468195411
1041.0,3.26844781818
1042.0,3.48086624507
1043.0,3.9280992743
1044.0,4.07683290055
1045.0,4.22923042733
1046.0,4.39339434938
1047.0,4.42438817067
1048.0,4.28606232441
1049.0,4.20449781623
1050.0,4.5824404763
1051.0,4.81848876896
1052.0,4.79669970216
1053.0,4.99681811988
1054.0,5.4214540847
1055.0,5.37836905088
1056.0,5.43173097012
1057.0,5.51646564131
1058.0,5.51287250095
1059.0,5.48980430482
1060.0,5.43500224521
1061.0,5.47451710727
1062.0,5.63910570597
1063.0,4.27496997093
1064.0,5.25007126603
1065.0,5.50636647517
1066.0,5.44220953444
1067.0,5.54249475297
1068.0,5.60707969602
1069.0,5.63755722985
1070.0,5.79169162165
1071.0,5.60071661107
1072.0,5.49317707244
1073.0,5.55794814844
1074.0,5.57402895362
1075.0,5.55854631842
1076.0,5.35083650081
1077.0,5.09286223391
1078.0,2.1199808002
1079.0,1.98118480639
1080.0,2.00776332533
1081.0,2.09381300898
1082.0,2.09893394462
1083.0,2.05334570684
1084.0,2.15250968589
1085.0,2.29301215939
1086.0,2.31851857269
1087.0,2.22939606626
1088.0,2.15434645317
1089.0,1.95080370297
1090.0,1.95112964667
1091.0,2.01137520422
1092.0,2.04927228485
1093.0,2.10458248198
1094.0,2.0541556783
1095.0,2.11746887815
1096.0,2.14018297397
1097.0,2.04194580817
1098.0,1.89326422196
1099.0,1.89684180374
1100.0,1.96129919638
1101.0,2.00417290269
1102.0,1.89474724227
1103.0,1.99692617433
1104.0,2.04451538801
1105.0,2.00020908801
1106.0,2.09031371759
1107.0,2.12314795038
1108.0,2.1484295846
1109.0,2.23210695102
1110.0,2.2867037355
1111.0,2.1566819803
1112.0,2.05690831441
1113.0,2.10386457497
1114.0,2.1718983798
1115.0,2.21763930894
1116.0,2.1867239747
1117.0,2.14802667117
1118.0,2.10431701201
1119.0,2.08215162623
1120.0,2.21360962785
1121.0,2.1658435633
1122.0,2.06050138586
1123.0,2.22754829294
1124.0,2.23901165898
1125.0,2.30816037222
1126.0,2.18200812107
1127.0,2.18095238041
1128.0,2.34461535348
1129.0,2.20924438389
1130.0,2.0509200273
1131.0,2.14547737452
1132.0,2.33368275694
1133.0,2.32832101456
1134.0,2.20071099344
1135.0,2.12790459351
1136.0,1.97258423137
1137.0,2.00524870745
1138.0,2.04548207595
1139.0,1.97256239945
1140.0,2.15713093338
1141.0,2.01767743728
1142.0,2.03397469763
1143.0,2.20639643699
1144.0,2.32497093856
1145.0,2.13703605368
1146.0,2.05765900533
1147.0,2.1145200946
1148.0,2.03078295355
1149.0,2.1689140647
1150.0,2.24360285082
1151.0,2.02885153439
1152.0,2.01601388655
1153.0,2.14246729337
1154.0,2.03142387654
1155.0,2.03602048596
1156.0,2.14533210664
1157.0,3.49883667193
1158.0,3.99560991275
1159.0,3.89540183171
1160.0,3.87937967803
1161.0,3.7378958279
1162.0,3.32927563502
1163.0,3.21196994491
1164.0,3.52685328192
1165.0,3.97920246949
1166.0,4.15466542669
1167.0,4.32730169208
1168.0,4.27393139766
1169.0,4.24505732236
1170.0,4.2566567019
1171.0,3.86144567048
1172.0,3.73137766656
1173.0,3.72402301343
1174.0,4.01300536405
1175.0,4.02463859657
1176.0,4.10994112073
1177.0,4.2517011443
1178.0,4.38188357476
1179.0,4.38361328909
1180.0,4.39524092421
1181.0,4.46711237916
1182.0,4.51861993638
1183.0,4.34040519974
1184.0,3.44158273723
1185.0,3.82478188572
1186.0,3.42390013979
1187.0,3.47980119954
1188.0,4.09037600194
1189.0,4.2766269761
1190.0,4.34442818304
1191.0,4.47727876699
1192.0,4.4176705086
1193.0,4.34676983753
1194.0,4.4014781803
1195.0,4.17959081776
1196.0,3.82154076665
1197.0,3.86877960744
1198.0,3.70951446507
1199.0,3.87363343655
1200.0,3.92795072111
1201.0,3.84431776642
1202.0,3.94668987647
1203.0,4.02389803056
1204.0,3.94141491096
1205.0,3.85418020895
1206.0,3.98651860772
1207.0,4.13774726455
1208.0,4.13963583411
1209.0,4.08675219237
1210.0,3.69504947196
1211.0,4.0413393753
1212.0,4.67920764222
1213.0,5.3365219306
1214.0,5.42717764154
1215.0,5.34986986581
1216.0,5.427872755
1217.0,5.59181585295
1218.0,5.68181166673
1219.0,5.6192882074
1220.0,5.49195274254
1221.0,5.52411676899
1222.0,5.61418373087
1223.0,5.42412288159
1224.0,4.44601758414
1225.0,4.98588578883
1226.0,5.09327633069
1227.0,5.01203679713
1228.0,5.16376724344
1229.0,5.3844876966
1230.0,5.49521808738
1231.0,5.50060569025
1232.0,5.40234645693
1233.0,5.58124098466
1234.0,5.61007394835
1235.0,5.61781532978
1236.0,5.6260076274
1237.0,5.54434095044
1238.0,5.36027925052
1239.0,1.91601879833
1240.0,2.11655185262
1241.0,2.20461387743
1242.0,2.07202781286
1243.0,2.20826613739
1244.0,2.09508849646
1245.0,1.9248791852
1246.0,1.93916437487
1247.0,2.06619779491
1248.0,2.0622835575
1249.0,1.91367912723
1250.0,1.9409559272
1251.0,2.04622631162
1252.0,2.06339333351
1253.0,2.12357082591
1254.0,2.21141817395
1255.0,2.03335857395
1256.0,2.05549657806
1257.0,2.12469610945
1258.0,2.08633488301
1259.0,2.03518157048
1260.0,1.83374649008
1261.0,2.04385275933
1262.0,2.08241136311
1263.0,2.02470361859
1264.0,2.04476243753
1265.0,2.07756156637
1266.0,2.05278820086
1267.0,2.02464692293
1268.0,2.06893249646
1269.0,2.12604070829
1270.0,2.08026464655
1271.0,2.06487489577
1272.0,1.92602716395
1273.0,1.95979538731
1274.0,2.06564031827
1275.0,1.78057700163
1276.0,2.03851407974
1277.0,2.02927081143
1278.0,1.84863318312
1279.0,1.95424239663
1280.0,2.04013094552
1281.0,2.04553661045
1282.0,2.03806250366
1283.0,2.22438933866
1284.0,2.27281526116
1285.0,2.17464398294
1286.0,1.89847981141
1287.0,1.92476445807
1288.0,2.13344823562
1289.0,2.14511332218
1290.0,1.96703010828
1291.0,1.67840315814
1292.0,1.80215361606
1293.0,1.99091673681
1294.0,2.04012929045
1295.0,1.96470002131
1296.0,1.9082841111
1297.0,1.91933330598
1298.0,1.95139973408
1299.0,1.99096534166
1300.0,1.8614502347
1301.0,2.00991169146
1302.0,2.08515061573
1303.0,1.99484039681
1304.0,2.0855544656
1305.0,2.067972246
1306.0,2.03979192673
1307.0,2.06869290639
1308.0,2.01580724198
1309.0,2.35353379435
1310.0,2.08344380083
1311.0,2.05251981583
1312.0,1.97269858241
1313.0,1.89514968834
1314.0,2.03204258643
1315.0,2.07988802762
1316.0,3.8621776489
1317.0,4.13086908638
1318.0,4.17454677306
1319.0,4.43421695268
1320.0,4.58111405325
1321.0,4.32699169376
1322.0,4.00001881846
1323.0,4.04952249131
1324.0,4.29767512246
1325.0,4.35650395027
1326.0,4.18385078245
1327.0,4.14097651782
1328.0,4.36369969508
1329.0,4.50043556264
1330.0,4.57160248033
1331.0,4.0007105861
1332.0,4.22028904605
1333.0,4.29124509471
1334.0,4.40368378183
1335.0,4.28701846519
1336.0,4.21417726814
1337.0,4.18550087363
1338.0,3.99363169079
1339.0,4.01162942651
1340.0,3.89897523148
1341.0,3.82885681268
1342.0,4.0012595165
1343.0,4.1548001139
1344.0,3.77217264824
1345.0,4.36300187395
1346.0,4.17966198404
1347.0,4.00118957269
1348.0,3.97278816233
1349.0,3.81141524317
1350.0,3.87059418806
1351.0,4.14321373232
1352.0,4.41325099054
1353.0,4.55983684737
1354.0,4.59303281328
1355.0,4.55184636885
1356.0,3.81979581922
1357.0,3.78639752755
1358.0,3.73467614076
1359.0,3.67569770673
1360.0,4.06639667098
1361.0,4.44159812124
1362.0,4.34915850471
1363.0,4.42001718086
1364.0,4.43672737901
1365.0,4.49803792821
1366.0,4.52989719884
1367.0,4.53334093641
1368.0,4.49511758327
1369.0,4.40641247777
1370.0,4.14546683349
1371.0,5.58617952556
1372.0,5.69504062552
1373.0,5.6609152772
1374.0,5.86255593725
1375.0,5.79550716123
1376.0,5.64218801914
1377.0,5.58144919176
1378.0,5.60507326162
1379.0,5.661271303
1380.0,5.67025409754
1381.0,5.68778318968
1382.0,5.69669580113
1383.0,5.30024166334
1384.0,5.02675145428
1385.0,5.88376516847
1386.0,5.83486700409
1387.0,5.84518311153
1388.0,5.84905455404
1389.0,5.79614157815
1390.0,5.8061779995
1391.0,5.82815707395
1392.0,5.69284141994
1393.0,5.4752452262
1394.0,5.36935805898
1395.0,5.43728092336
1396.0,5.6279780071
1397.0,2.15453971867
1398.0,2.04461502045
1399.0,2.11216761442
1400.0,1.99872679837
1401.0,1.91313123132
1402.0,1.93911701371
1403.0,2.15915730956
1404.0,2.12899618376
1405.0,2.02005979345
1406.0,2.1216580077
1407.0,2.10856558001
1408.0,2.1009772479
1409.0,1.99563079251
1410.0,1.99545862572
1411.0,2.12035588507
1412.0,2.01944054729
1413.0,2.07805220062
1414.0,2.24956444139
1415.0,2.23417403655
1416.0,2.14873550834
1417.0,2.00386451304
1418.0,1.95211249507
1419.0,2.1053440736
1420.0,2.26185252061
1421.0,2.15274080255
1422.0,2.1442082858
1423.0,2.19954413024
1424.0,2.05925886989
1425.0,2.13511891453
1426.0,2.39624294144
1427.0,2.37132592304
1428.0,2.40622275757
1429.0,2.3177739309
1430.0,2.36258682178
1431.0,2.35589914043
1432.0,2.25704809894
1433.0,2.48657444715
1434.0,2.52754727078
1435.0,2.56407923657
1436.0,2.49486332425
1437.0,2.61675617103
1438.0,2.4054687918
1439.0,2.24283636397
1440.0,2.27114688687
1441.0,2.20668172752
1442.0,2.26594532668
1443.0,2.39806616897
1444.0,2.33095057795
1445.0,2.42903685329
1446.0,2.33847110963
1447.0,2.36649309267
1448.0,2.22626866936
1449.0,2.24911085808
1450.0,2.40865132522
1451.0,2.49819728315
1452.0,2.42516437776
1453.0,2.41688970692
1454.0,2.42873573732
1455.0,2.50948333313
1456.0,2.54770386744
1457.0,2.43245956161
1458.0,2.37076477473
1459.0,2.36804476151
1460.0,2.47400056073
1461.0,2.41522325969
1462.0,2.42612827239
1463.0,2.54175782153
1464.0,2.57553860806
1465.0,2.70570043046
1466.0,2.66623832238
1467.0,2.70164160671
1468.0,2.6161367005
1469.0,2.38121010637
1470.0,2.5387774211
1471.0,2.6545498592
1472.0,2.68649111623
1473.0,2.56090238337
1474.0,2.65351530785
1475.0,2.7616192262
1476.0,2.76501003657
1477.0,3.31123382564
1478.0,3.36763762315
1479.0,3.58609842831
1480.0,3.72786515761
1481.0,3.73224687166
1482.0,3.57920064254
1483.0,3.81071886837
1484.0,3.89451338064
1485.0,3.82026981437
1486.0,4.21119399935
1487.0,4.17955290824
1488.0,3.86734867527
1489.0,4.22260608131
1490.0,4.38445034862
1491.0,4.43847678633
1492.0,4.33067625779
1493.0,4.27919089865
1494.0,4.37088515041
1495.0,4.47045537014
1496.0,4.53334877616
1497.0,4.60434293979
1498.0,4.66684944736
1499.0,4.59139062185
1500.0,4.52549546437
1501.0,4.29274682971
1502.0,3.46446595324
1503.0,3.83722418066
1504.0,3.92802675135
1505.0,3.7803645369
1506.0,3.80294563462
1507.0,4.23389761762
1508.0,4.4966388977
1509.0,4.4495642269
1510.0,4.4414706006
1511.0,4.50437071437
1512.0,4.50054807544
1513.0,4.44945397296
1514.0,3.81934276188
1515.0,4.34470688996
1516.0,4.55262973705
1517.0,4.53206334599
1518.0,4.45789188089
1519.0,4.42074496098
1520.0,4.41462468894
1521.0,4.46151979228
1522.0,4.45594935435
1523.0,4.43084948048
1524.0,4.63948115088
1525.0,5.6751280609
1526.0,5.6760935366
1527.0,5.35555018278
1528.0,5.32213929192
1529.0,5.64658663604
1530.0,5.69598101726
1531.0,5.669944622
1532.0,5.69587006023
1533.0,5.73902507555
1534.0,5.82544323009
1535.0,5.77889787118
1536.0,5.56237392661
1537.0,5.22973461508
1538.0,5.79352354939
1539.0,5.79709969414
1540.0,5.81038374782
1541.0,5.79565554208
1542.0,5.8042266578
1543.0,5.75138628834
1544.0,5.77793020716
1545.0,5.80861462367
1546.0,5.77105076453
1547.0,5.80075204597
1548.0,5.45939654377
1549.0,1.81139996512
1550.0,1.83168164178
1551.0,1.82566666325
1552.0,1.80648261738
1553.0,1.81726349572
1554.0,1.96846085081
1555.0,1.88636285148
1556.0,1.78928707969
1557.0,1.79782926223
1558.0,1.69992435819
1559.0,1.86901577313
1560.0,1.80454991275
1561.0,1.75964303505
1562.0,1.9338094043
1563.0,1.96965549741
1564.0,1.93044144177
1565.0,1.86140438354
1566.0,1.93764405701
1567.0,1.88329291702
1568.0,1.90086953973
1569.0,1.85997743546
1570.0,1.78918564606
1571.0,1.87643448687
1572.0,1.80586593118
1573.0,1.76715216488
1574.0,1.81074199487
1575.0,1.79643221102
1576.0,1.88320266059
1577.0,2.19216450162
1578.0,2.2671502384
1579.0,2.2561223058
1580.0,2.43434850672
1581.0,2.2942663457
1582.0,2.24634382482
1583.0,2.43069574722
1584.0,2.26632640522
1585.0,2.28346623819
1586.0,2.32059654791
1587.0,2.19632967959
1588.0,2.3506097684
1589.0,2.34272612294
1590.0,2.15251056152
1591.0,2.15364207461
1592.0,2.49172334568
1593.0,2.31982836632
1594.0,2.26355708715
1595.0,2.24219785115
1596.0,2.18242772088
1597.0,2.25662286251
1598.0,2.28721792646
1599.0,2.11087674371
1600.0,2.33986287961
1601.0,2.56692475652
1602.0,2.28330238168
1603.0,2.24153546848
1604.0,2.23773240071
1605.0,2.32564534227
1606.0,2.37051264078
1607.0,2.28044562514
1608.0,2.22654241134
1609.0,2.30079573651
1610.0,2.35029510477
1611.0,2.37545193502
1612.0,2.41831517646
1613.0,2.30875946279
1614.0,2.3135903216
1615.0,2.39236856012
1616.0,1.99528613997
1617.0,2.20532943707
1618.0,2.38805366824
1619.0,2.4003239971
1620.0,2.37489378744
1621.0,2.46622538461
1622.0,2.59422132862
1623.0,2.5190110566
1624.0,3.48529350319
1625.0,3.76288080433
1626.0,4.00735165909
1627.0,4.35324773982
1628.0,4.50359476957
1629.0,4.57849926858
1630.0,4.58510524051
1631.0,4.54256138969
1632.0,4.50955124244
1633.0,4.57942403244
1634.0,4.6939887261
1635.0,4.64626118415
1636.0,4.61079008165
1637.0,4.19056906841
1638.0,4.60909900036
1639.0,4.57533286994
1640.0,4.5683264172
1641.0,4.50380687599
1642.0,4.45581801788
1643.0,4.56453722208
1644.0,4.60495624386
1645.0,4.59047515252
1646.0,4.52612984431
1647.0,4.92835402272
1648.0,4.83364470808
1649.0,4.91410587074
1650.0,5.06693974376
1651.0,5.05845405699
1652.0,5.02421138087
1653.0,5.03222023533
1654.0,4.28413641746
1655.0,4.45325265078
1656.0,4.59468558772
1657.0,4.67558795342
1658.0,4.6192639836
1659.0,4.65100447428
1660.0,4.64508099271
1661.0,4.71820386602
1662.0,4.70263775838
1663.0,4.59142595494
1664.0,4.66649650567
1665.0,4.68201970092
1666.0,4.69300663672
1667.0,4.76550055375
1668.0,5.7521701461
1669.0,5.8011080107
1670.0,5.84871857603
1671.0,5.93892878042
1672.0,5.79703489844
1673.0,5.78769087563
1674.0,5.88648365922
1675.0,5.89694447638
1676.0,5.88683332376
1677.0,5.85031700909
1678.0,5.93312876804
1679.0,5.92318248092
1680.0,5.76004768115
1681.0,5.46296783354
1682.0,5.79154135259
1683.0,5.74993154554
1684.0,5.7062868566
1685.0,5.75309251879
1686.0,5.79597990804
1687.0,5.84513807704
1688.0,5.89352792277
1689.0,5.87344840589
1690.0,5.85493921108
1691.0,5.81761269403
1692.0,5.85029563413
1693.0,1.87233932244
1694.0,1.86432219489
1695.0,1.98174798751
1696.0,1.98900829149
1697.0,1.99854899209
1698.0,2.20476168815
1699.0,2.02158356345
1700.0,1.88606547659
1701.0,2.03287156647
1702.0,2.00143382669
1703.0,2.0325646329
1704.0,2.11791771453
1705.0,2.09629604863
1706.0,2.08563964439
1707.0,2.12177024578
1708.0,1.96937811317
1709.0,1.95977055712
1710.0,1.95802065771
1711.0,1.94682304334
1712.0,2.1207443327
1713.0,2.20497353729
1714.0,2.12249120629
1715.0,2.0009671162
1716.0,2.2328062715
1717.0,2.32217854564
1718.0,2.19426153007
1719.0,1.95439279259
1720.0,2.07322788825
1721.0,2.06623276705
1722.0,2.05692172918
1723.0,2.03450986728
1724.0,2.09118371553
1725.0,2.01842024213
1726.0,2.00657859883
1727.0,1.94654822467
1728.0,2.06542584769
1729.0,1.85163342652
1730.0,1.93239028557
1731.0,2.00042204525
1732.0,2.06876090554
1733.0,1.88974820192
1734.0,1.9896565766
1735.0,1.96089178343
1736.0,2.02616707927
1737.0,1.9235307319
1738.0,2.01171117086
1739.0,2.09119247053
1740.0,1.98165737198
1741.0,2.17980129548
1742.0,2.13866327147
1743.0,2.1465570769
1744.0,1.84640383846
1745.0,1.93044938162
1746.0,2.21599053776
1747.0,2.20331512793
1748.0,2.00413634914
1749.0,1.98119380966
1750.0,2.11537746383
1751.0,2.06919845266
1752.0,2.23414953048
1753.0,2.01707648076
1754.0,2.01755653553
1755.0,1.95648491056
1756.0,1.96142425398
1757.0,2.09369591314
1758.0,3.5406225643
1759.0,4.15254693716
1760.0,4.40700306411
1761.0,4.55875507738
1762.0,4.67640876864
1763.0,4.66365270616
1764.0,4.59986855604
1765.0,4.60054895235
1766.0,4.64063687607
1767.0,4.54984395485
1768.0,4.53611393049
1769.0,4.6543781133
1770.0,4.60747925049
1771.0,4.54997922191
1772.0,4.68045882287
1773.0,4.67332074118
1774.0,3.61497659484
1775.0,4.64440278159
1776.0,4.66344010678
1777.0,4.52436941135
1778.0,4.50052065144
1779.0,4.57567789649
1780.0,4.58785864386
1781.0,4.64453971896
1782.0,4.53317768192
1783.0,4.37154957653
1784.0,4.30765177554
1785.0,4.31754151506
1786.0,4.52540728707
1787.0,4.66518919694
1788.0,4.68552106238
1789.0,4.63589935702
1790.0,4.4010991171
1791.0,4.7875076929
1792.0,4.74306845842
1793.0,4.78619399884
1794.0,4.87216115142
1795.0,4.89895308287
1796.0,5.01730210621
1797.0,5.00699476625
1798.0,5.01582408517
1799.0,4.92499205725
1800.0,4.72572618318
1801.0,3.70549382696
1802.0,4.32156789602
1803.0,4.50492886768
1804.0,4.50005964972
1805.0,4.4870940317
1806.0,4.4727625987
1807.0,4.54226980585
1808.0,4.49405087767
1809.0,4.49980928046
1810.0,4.40034304682
1811.0,4.04805066419
1812.0,3.51408954365
1813.0,3.59709755264
1814.0,4.59274265259
1815.0,5.40010811437
1816.0,4.81309076055
1817.0,4.35115581981
1818.0,4.54928724397
1819.0,4.84614191957
1820.0,4.8937517558
1821.0,4.81422181329
1822.0,5.25156319422
1823.0,5.83293720479
1824.0,5.83356681515
1825.0,5.8140793467
1826.0,5.85872725492
1827.0,4.01604028313
1828.0,4.71548081419
1829.0,5.42229519262
1830.0,5.52548089044
1831.0,5.62307591622
1832.0,5.60328735086
1833.0,5.64076354292
1834.0,5.68331563332
1835.0,5.70200523362
1836.0,5.70384326294
1837.0,5.73001766159
1838.0,5.7574407759
1839.0,5.72206167561
1840.0,5.80418551079
1841.0,5.73787870013
1842.0,5.78412768071
1843.0,2.15981218469
1844.0,2.02860184164
1845.0,1.94833742967
1846.0,1.94973278759
1847.0,2.06144110584
1848.0,2.12810550039
1849.0,2.05625244648
1850.0,2.11558655796
1851.0,2.18721276412
1852.0,2.0528288609
1853.0,2.16518329077
1854.0,2.13622897035
1855.0,2.02400163543
1856.0,1.98285097189
1857.0,2.13466417794
1858.0,2.14293018622
1859.0,2.06463674729
1860.0,1.95424793764
1861.0,1.99456535356
1862.0,2.05954764799
1863.0,2.05398218188
1864.0,1.99427591887
1865.0,1.97342630347
1866.0,2.16165042565
1867.0,1.99272382242
1868.0,2.10249859857
1869.0,2.07407596236
1870.0,2.081679297
1871.0,2.01137026946
1872.0,2.01062514783
1873.0,2.14414218908
1874.0,2.24683291114
1875.0,2.04150729724
1876.0,2.09720228971
1877.0,2.08372309144
1878.0,1.96777801388
1879.0,2.15315138617
1880.0,2.11454060912
1881.0,2.15204003056
1882.0,2.07772568238
1883.0,2.09266439396
1884.0,2.07731681746
1885.0,2.2913624267
1886.0,2.21602634901
1887.0,2.09155321537
1888.0,2.23739281192
1889.0,2.24590845996
1890.0,2.16777383449
1891.0,2.17860576191
1892.0,2.25404292073
1893.0,2.01737979268
1894.0,2.34979620664
1895.0,2.44316989582
1896.0,2.16741981356
1897.0,2.14896162224
1898.0,2.29452792144
1899.0,2.16815107641
1900.0,2.27808974782
1901.0,2.27223853506
1902.0,2.29013774652
1903.0,2.18740551312
1904.0,2.29208495931
1905.0,4.04832634622
1906.0,4.56239543735
1907.0,4.66240755901
1908.0,4.6104134882
1909.0,4.54495034601
1910.0,4.5722290124
1911.0,4.58531347386
1912.0,4.66814169589
1913.0,4.70141900431
1914.0,4.64129329188
1915.0,4.58327961182
1916.0,4.19017933218
1917.0,4.53220995113
1918.0,4.62283193511
1919.0,4.63474543433
1920.0,4.58442849608
1921.0,4.56856454421
1922.0,4.58425204302
1923.0,4.62229010472
1924.0,4.69438393185
1925.0,4.54869102788
1926.0,4.48323090362
1927.0,4.72982466679
1928.0,4.87739251158
1929.0,4.62643951016
1930.0,4.39777192639
1931.0,4.63816474518
1932.0,4.82258376474
1933.0,4.81175365125
1934.0,4.92250052793
1935.0,4.90716064226
1936.0,4.84204933629
1937.0,4.75960465843
1938.0,4.71987505748
1939.0,4.7415807974
1940.0,4.05165077922
1941.0,4.48136079248
1942.0,4.61220213566
1943.0,4.61977374339
1944.0,4.57186638773
1945.0,4.51696532045
1946.0,4.5312201998
1947.0,4.60398026969
1948.0,4.65136532028
1949.0,4.70651213225
1950.0,4.74719886944
1951.0,4.63668134043
1952.0,5.12047909661
1953.0,5.89686998046
1954.0,5.84077901404
1955.0,5.82006119272
1956.0,5.69704315468
1957.0,5.57155499031
1958.0,5.65945246016
1959.0,5.8453578896
1960.0,5.83697825457
1961.0,5.794281691
1962.0,5.81678914749
1963.0,5.81427308168
1964.0,5.78123906363
1965.0,5.81929354354
1966.0,5.41835525928
1967.0,5.76367414946
1968.0,5.85683760361
1969.0,5.95553639193
1970.0,5.93814076188
1971.0,5.8039224278
1972.0,5.76127466298
1973.0,5.85360706667
1974.0,5.82445749727
1975.0,5.84253282658
1976.0,5.85814150671
1977.0,5.79142131503
1978.0,5.85306009848
1979.0,5.90757996208
1980.0,5.93665316993
1981.0,5.45563251646
1982.0,2.13189257859
1983.0,1.96906868263
1984.0,2.00184625885
1985.0,2.26759368668
1986.0,2.24688048337
1987.0,2.15278122428
1988.0,2.1991416967
1989.0,2.25643377171
1990.0,2.21161960982
1991.0,2.26161407769
1992.0,2.36674687705
1993.0,2.43813704263
1994.0,2.25414387492
1995.0,2.31276194346
1996.0,2.35103011169
1997.0,2.30217599204
1998.0,2.38615280066
1999.0,2.22718085196
2000.0,2.15876638802
2001.0,2.23698598067
2002.0,2.26867182064
2003.0,2.24735786892
2004.0,2.35502685492
2005.0,2.33348297906
2006.0,2.26342468835
2007.0,2.15299565074
2008.0,2.24175081023
2009.0,2.22657725487
2010.0,2.2033947268
2011.0,2.36385865548
2012.0,2.36503126582
2013.0,2.08664764653
2014.0,1.99822132087
2015.0,2.25400919338
2016.0,2.28543703052
2017.0,2.158589681
2018.0,2.08502673676
2019.0,2.2921023521
2020.0,1.89617426881
2021.0,2.09881844026
2022.0,2.07903905603
2023.0,2.04487464352
2024.0,2.29309743835
2025.0,2.20944803875
2026.0,2.19492662709
2027.0,2.097180218
2028.0,1.90598823526
2029.0,2.03932280353
2030.0,2.20874035003
2031.0,2.08176046442
2032.0,2.1383410128
2033.0,2.53376867606
2034.0,2.32209903307
2035.0,2.56599134024
2036.0,2.44299794914
2037.0,2.28730007812
2038.0,2.33989368446
2039.0,2.46257144139
2040.0,2.57315435274
2041.0,2.41299874693
2042.0,2.30889609266
2043.0,2.40403719763
2044.0,2.40027013819
2045.0,2.57027796567
2046.0,2.54057603474
2047.0,2.40214105692
2048.0,2.38710357231
2049.0,2.43831520619
2050.0,2.41537128059
2051.0,2.26975661138
2052.0,2.32154749356
2053.0,2.4036131552
2054.0,2.48411833576
2055.0,2.34947744398
2056.0,2.37694449647
2057.0,2.49854257889
2058.0,2.46313368623
2059.0,4.37821486682
2060.0,4.5000745544
2061.0,4.51442377129
2062.0,4.50865226393
2063.0,4.50073756127
2064.0,4.49267951827
2065.0,4.39882756913
2066.0,4.32878199892
2067.0,4.44302305489
2068.0,4.48378815844
2069.0,4.42178020659
2070.0,4.46614865814
2071.0,4.53846645753
2072.0,4.456700892
2073.0,4.18379695822
2074.0,4.48646312049
2075.0,4.48152495185
2076.0,4.50967595027
2077.0,4.55090905264
2078.0,4.44226689711
2079.0,4.4356039192
2080.0,4.51092216667
2081.0,4.44327203976
2082.0,4.47964734427
2083.0,4.55268947666
2084.0,4.41552436686
2085.0,4.51295678761
2086.0,4.82924408201
2087.0,4.76044781693
2088.0,4.73947787899
2089.0,4.8551873297
2090.0,4.22146494983
2091.0,4.17295683019
2092.0,4.47612475813
2093.0,4.50291749621
2094.0,4.89259104302
2095.0,4.67883240817
2096.0,4.4517606755
2097.0,4.17673831722
2098.0,3.87792765181
2099.0,4.10923975279
2100.0,3.79105839801
2101.0,3.95906935806
2102.0,4.06206706109
2103.0,4.52182045041
2104.0,4.59980038403
2105.0,4.07812586412
2106.0,3.73110797231
2107.0,3.83492177635
2108.0,3.86563932341
2109.0,3.69273732112
2110.0,3.58489551803
2111.0,3.80051943662
2112.0,4.41541998794
2113.0,4.94461269269
2114.0,5.56034245018
2115.0,5.77503312012
2116.0,5.71698962628
2117.0,5.77068885029
2118.0,5.68823225451
2119.0,5.67050840183
2120.0,5.79072828453
2121.0,5.73625614883
2122.0,5.59221831605
2123.0,5.61549421113
2124.0,5.60458533682
2125.0,5.05616441669
2126.0,4.7707920034
2127.0,4.83405052665
2128.0,5.58253536329
2129.0,5.58524059974
2130.0,5.60504983278
2131.0,5.65005966067
2132.0,5.77637234226
2133.0,5.68795084811
2134.0,5.76687464352
2135.0,5.901570224
2136.0,5.87033451016
2137.0,5.87634271732
2138.0,5.92408190988
2139.0,2.06335676589
2140.0,1.96564539964
2141.0,1.99828362735
2142.0,2.17050826931
2143.0,2.05522835219
2144.0,2.01565991838
2145.0,2.06987246326
2146.0,2.08260268993
2147.0,2.02319003902
2148.0,2.04404918068
2149.0,2.18643800072
2150.0,2.16028689135
2151.0,2.13525221577
2152.0,2.11818393163
2153.0,2.11679497989
2154.0,2.37983623372
2155.0,2.1075134052
2156.0,1.88027982561
2157.0,2.01639841964
2158.0,2.07739178265
2159.0,2.11186265493
2160.0,2.05053989212
2161.0,1.96256502756
2162.0,2.04466256769
2163.0,2.0396352668
2164.0,1.97122647641
2165.0,2.10748263633
2166.0,2.09326426796
2167.0,2.11416182138
2168.0,2.07631517811
2169.0,2.12340054027
2170.0,2.05049364851
2171.0,2.073946189
2172.0,2.11245383766
2173.0,2.20624467636
2174.0,2.03502164671
2175.0,1.8943278236
2176.0,2.1542900804
2177.0,2.11618851669
2178.0,2.12567654318
2179.0,2.17579918904
2180.0,2.12211599778
2181.0,1.99232323866
2182.0,2.00564857576
2183.0,2.03757276519
2184.0,2.18186442757
2185.0,2.30943307535
2186.0,2.07766900064
2187.0,2.18074627357
2188.0,2.14146194942
2189.0,2.08446589188
2190.0,2.37151584513
2191.0,2.23856009106
2192.0,2.00554315354
2193.0,2.25016704357
2194.0,2.35410929782
2195.0,2.40235766386
2196.0,2.47007367237
2197.0,2.54905149318
2198.0,2.42176124637
2199.0,2.3622385953
2200.0,2.34088815306
2201.0,2.3905522881
2202.0,2.47886912289
2203.0,2.32045597313
2204.0,2.36812343115
2205.0,2.31261172317
2206.0,2.34183082673
2207.0,2.52727038478
2208.0,2.53597234198
2209.0,2.4010820669
2210.0,2.21057099097
2211.0,2.32503001076
2212.0,2.21966264456
2213.0,2.34240797587
2214.0,2.33907391628
2215.0,2.30269643543
2216.0,2.42099170607
2217.0,2.37487716978
2218.0,2.24573197577
2219.0,2.39790233321
2220.0,2.50749798341
2221.0,3.60467104411
2222.0,3.64546365878
2223.0,3.35992190089
2224.0,3.64221070867
2225.0,4.27330024638
2226.0,4.27151506019
2227.0,4.37694083494
2228.0,4.39855312587
2229.0,4.43006624745
2230.0,4.51400818495
2231.0,4.64485027679
2232.0,4.65004853543
2233.0,4.65191215537
2234.0,4.68853047864
2235.0,4.69440346729
2236.0,4.74386462621
2237.0,4.69640012077
2238.0,4.37769189383
2239.0,4.59886590397
2240.0,4.51301636725
2241.0,4.60135733534
2242.0,4.60732980273
2243.0,4.60559196236
2244.0,4.68889880206
2245.0,4.68361006446
2246.0,4.66914935991
2247.0,4.68042949963
2248.0,4.76656639509
2249.0,4.82232231762
2250.0,4.69962097408
2251.0,4.10936863343
2252.0,4.6270122932
2253.0,4.41224950203
2254.0,4.3588478829
2255.0,4.38904302523
2256.0,4.21639718311
2257.0,4.25689477462
2258.0,4.20679695282
2259.0,4.24202600261
2260.0,4.42852112009
2261.0,4.46424079799
2262.0,4.42648746975
2263.0,3.69085180742
2264.0,4.01214761614
2265.0,4.27848624052
2266.0,4.3710239362
2267.0,4.43684364709
2268.0,4.39820569479
2269.0,4.20486375184
2270.0,4.19234741691
2271.0,4.39925661858
2272.0,4.45221068794
2273.0,4.41705421517
2274.0,4.54930293808
2275.0,4.65474601378
2276.0,4.43848742136
2277.0,4.53775961471
2278.0,5.00444279501
2279.0,5.43397999988
2280.0,5.72509456401
2281.0,5.75502143914
2282.0,5.66855583095
2283.0,5.66334480165
2284.0,5.7585685412
2285.0,5.84107267167
2286.0,5.83812643637
2287.0,5.85560790637
2288.0,5.83596209624
2289.0,5.34977985516
2290.0,5.61519857419
2291.0,5.58501952857
2292.0,5.60520777255
2293.0,5.60131041917
2294.0,5.58548713461
2295.0,5.69640749191
2296.0,5.68616721279
2297.0,5.68234809039
2298.0,5.72358968596
2299.0,5.6757010468
2300.0,5.33664221115
2301.0,4.96888400375
2302.0,2.40063471035
2303.0,2.37161406997
2304.0,2.32182532675
2305.0,2.36525653834
2306.0,2.48984957661
2307.0,2.3381673391
2308.0,2.29261601908
2309.0,2.27833963497
2310.0,2.21476919136
2311.0,2.36543727739
2312.0,2.53276175571
2313.0,2.548944939
2314.0,2.30853084463
2315.0,2.34577864932
2316.0,2.47486135539
2317.0,2.58313098963
2318.0,2.37245032855
2319.0,2.24073763355
2320.0,2.32252820229
2321.0,2.2786310766
2322.0,2.35601816454
2323.0,2.4036088199
2324.0,2.4131816233
2325.0,2.44262309284
2326.0,2.44371246331
2327.0,2.35093940816
2328.0,2.33038750045
2329.0,2.34114376701
2330.0,2.38265978445
2331.0,2.33752920802
2332.0,2.09318186563
2333.0,2.02822618189
2334.0,2.06501406744
2335.0,2.13539850959
2336.0,2.30142454743
2337.0,2.38904771918
2338.0,2.27739739848
2339.0,2.15834819767
2340.0,2.11428335029
2341.0,2.25603230593
2342.0,2.11490611262
2343.0,2.09751523577
2344.0,2.26289676475
2345.0,2.20421985459
2346.0,2.17804065026
2347.0,2.15364677153
2348.0,2.26528708498
2349.0,2.33973204673
2350.0,2.18387064776
2351.0,2.10263533621
2352.0,2.22630338733
2353.0,2.10574815623
2354.0,2.1174995094
2355.0,2.22933888147
2356.0,2.32529388254
2357.0,2.32749935963
2358.0,2.34165354772
2359.0,2.4398808754
2360.0,2.55081501289
2361.0,2.530512401
2362.0,2.43572556203
2363.0,2.37013836375
2364.0,2.43755696519
2365.0,2.47014774768
2366.0,2.42778331811
2367.0,2.32014053671
2368.0,2.40765018145
2369.0,2.52908257167
2370.0,2.50573201105
2371.0,2.45017447529
2372.0,2.37312563631
2373.0,2.36829920426
2374.0,2.36545502954
2375.0,2.26717118048
2376.0,2.22213120096
2377.0,2.23213220258
2378.0,2.3720464743
2379.0,2.27035363385
2380.0,2.23073707086
2381.0,2.40554161666
2382.0,2.49772854411
2383.0,3.80999560674
2384.0,3.92230646567
2385.0,4.45771284525
2386.0,4.81064823528
2387.0,4.69813291364
2388.0,4.69269833686
2389.0,4.55567761537
2390.0,4.56067260939
2391.0,4.1932823253
2392.0,3.98191856247
2393.0,4.21473745293
2394.0,4.32053180637
2395.0,4.49109024394
2396.0,4.65544641292
2397.0,4.65864560331
2398.0,4.6721980141
2399.0,4.55531798563
2400.0,3.99462759733
2401.0,3.90662239372
2402.0,4.17241329427
2403.0,4.14972715607
2404.0,3.82578440875
2405.0,3.6507916552
2406.0,4.05724740796
2407.0,4.59448474951
2408.0,4.01809617178
2409.0,3.64685837716
2410.0,3.88641840809
2411.0,4.42757205171
2412.0,4.6469337372
2413.0,4.18910153244
2414.0,4.11835025364
2415.0,4.45636118126
2416.0,4.49784790381
2417.0,4.40646861874
2418.0,4.4044985239
2419.0,4.5216675498
2420.0,4.66207491346
2421.0,4.66664376838
2422.0,4.54884232035
2423.0,4.20738747935
2424.0,3.85107208367
2425.0,3.74594247132
2426.0,3.94801401838
2427.0,3.5181541054
2428.0,3.70723394781
2429.0,3.92141657037
2430.0,4.25606135434
2431.0,4.37255325096
2432.0,4.30052595407
2433.0,4.34869919749
2434.0,3.92831052335
2435.0,3.52735283698
2436.0,3.8550491375
2437.0,4.49564835249
2438.0,4.73588540002
2439.0,4.77057996338
2440.0,4.63133688269
2441.0,3.96310598698
2442.0,5.20719999545
2443.0,5.65322974103
2444.0,5.57537053184
2445.0,5.61253925311
2446.0,5.69116648632
2447.0,5.67165255144
2448.0,5.64690238909
2449.0,5.58895599569
2450.0,5.64647588717
2451.0,5.76856401511
2452.0,3.90215675438
2453.0,4.97594480233
2454.0,5.31952824916
2455.0,5.40868937479
2456.0,5.33322444712
2457.0,4.9298038411
2458.0,4.65955405729
2459.0,4.74036601263
2460.0,5.06142379703
2461.0,5.22259166217
2462.0,5.2666804308
2463.0,5.43799138696
2464.0,5.11112278495
2465.0,5.13665732725
2466.0,5.33649556217
2467.0,2.4023595196
2468.0,2.34227862868
2469.0,2.30516662562
2470.0,2.33925742402
2471.0,2.48715372621
2472.0,2.48759106859
2473.0,2.41542576829
2474.0,2.48800606432
2475.0,2.50987984541
2476.0,2.43475561233
2477.0,2.54571477867
2478.0,2.48477797434
2479.0,2.42787927337
2480.0,2.44029237141
2481.0,2.44050449863
2482.0,2.32461448537
2483.0,2.37263322049
2484.0,2.43397571665
2485.0,2.38107555463
2486.0,2.24342414361
2487.0,2.48835596101
2488.0,2.51626092827
2489.0,2.35954003942
2490.0,2.4118424319
2491.0,2.42742241489
2492.0,2.38039207221
2493.0,2.36940009932
2494.0,2.42568842383
2495.0,2.50110565014
2496.0,2.29321387881
2497.0,2.25896837502
2498.0,2.27711674202
2499.0,2.32195230736
2500.0,2.17700444294
2501.0,2.04996254243
2502.0,2.20946440905
2503.0,2.19815440005
2504.0,2.18395792214
2505.0,2.21855780225
2506.0,2.2537436528
2507.0,2.19466699113
2508.0,2.09555770701
2509.0,2.15175395564
2510.0,2.28828985233
2511.0,2.18894805847
2512.0,2.2295132043
2513.0,2.26380393929
2514.0,2.2199012409
2515.0,2.17179536561
2516.0,2.27190630576
2517.0,2.4776032728
2518.0,2.45874825559
2519.0,2.43903830308
2520.0,2.36353140993
2521.0,2.39180373981
2522.0,2.59238517275
2523.0,2.64270876971
2524.0,2.55925270112
2525.0,2.54662060485
2526.0,2.54393091286
2527.0,2.391030469
2528.0,2.45257224836
2529.0,2.52007522948
2530.0,2.49846565058
2531.0,2.50963764255
2532.0,2.41720576369
2533.0,2.55473265333
2534.0,2.704826872
2535.0,2.74645606654
2536.0,2.26921337823
2537.0,2.46873058857
2538.0,2.5199492772
2539.0,2.54046231224
2540.0,2.37811341835
2541.0,2.46761244151
2542.0,2.63836426871
2543.0,2.52139496158
2544.0,3.88101801449
2545.0,4.45034891409
2546.0,4.57396431723
2547.0,4.49067576502
2548.0,4.49088686303
2549.0,4.47539614232
2550.0,4.46563819816
2551.0,4.63455529698
2552.0,4.63575002345
2553.0,4.51336330977
2554.0,4.49244581483
2555.0,4.57315602482
2556.0,4.49571467495
2557.0,4.33934687749
2558.0,4.3836350793
2559.0,4.49987229225
2560.0,4.55337488338
2561.0,4.21358025209
2562.0,3.99293850992
2563.0,4.06929293098
2564.0,4.24448308366
2565.0,4.33272429183
2566.0,4.44941268641
2567.0,4.58746129555
2568.0,4.56149006174
2569.0,4.60131752285
2570.0,4.44541532207
2571.0,4.25449637613
2572.0,4.69589013625
2573.0,4.809394239
2574.0,4.87255269095
2575.0,4.86241211106
2576.0,4.87689888925
2577.0,4.83807464503
2578.0,4.89000516784
2579.0,4.96423246764
2580.0,4.86983101786
2581.0,4.7728044456
2582.0,4.70888980227
2583.0,3.94700808573
2584.0,4.25906252944
2585.0,4.53194322788
2586.0,4.52393093187
2587.0,4.18638839552
2588.0,4.1971076799
2589.0,4.34984902849
2590.0,4.44507530656
2591.0,4.48561620595
2592.0,4.52924541713
2593.0,4.6136603971
2594.0,4.58318813488
2595.0,4.62133933906
2596.0,4.49154470161
2597.0,4.31359358099
2598.0,4.48416982069
2599.0,5.25326995765
2600.0,5.73054338823
2601.0,5.87909678809
2602.0,5.89797668039
2603.0,5.88071321673
2604.0,5.58836569325
2605.0,5.49221337973
2606.0,5.75397859302
2607.0,5.84956831424
2608.0,5.83306241995
2609.0,5.85592072234
2610.0,5.87006068639
2611.0,4.92762107336
2612.0,4.70205111488
2613.0,4.37939323508
2614.0,4.70701240161
2615.0,5.54692226138
2616.0,5.72862068891
2617.0,5.69217949712
2618.0,5.7015762826
2619.0,5.44905713841
2620.0,5.37443858605
2621.0,5.63270279777
2622.0,5.63706781578
2623.0,5.61914407109
2624.0,5.68300489512
2625.0,5.71231878919
2626.0,5.6929908679
2627.0,5.65539208364
2628.0,5.57642408819
2629.0,5.60677862445
2630.0,5.66615710139
2631.0,5.75889276287
2632.0,2.17726240654
2633.0,2.10068274534
2634.0,2.00381921981
2635.0,1.93205609186
2636.0,1.85852991661
2637.0,1.93914600896
2638.0,1.99483598929
2639.0,1.97090983092
2640.0,2.11921159584
2641.0,2.1477186227
2642.0,2.03749093826
2643.0,1.9945530588
2644.0,2.07676516726
2645.0,2.16179574265
2646.0,2.04563162841
2647.0,1.93693245798
2648.0,2.08751329793
2649.0,2.09289632478
2650.0,2.07206652727
2651.0,1.99810732636
2652.0,1.99595362987
2653.0,2.03224769231
2654.0,1.94173193553
2655.0,2.08091599729
2656.0,1.97483607144
2657.0,1.91778876783
2658.0,2.00873380596
2659.0,2.08114010633
2660.0,2.4156063805
2661.0,2.46389046053
2662.0,2.30648276801
2663.0,2.33835694045
2664.0,2.46217654164
2665.0,2.22050040064
2666.0,2.38904115592
2667.0,2.35790150276
2668.0,2.48474607402
2669.0,2.36565262926
2670.0,2.33697270244
2671.0,2.11482877763
2672.0,2.32515404879
2673.0,2.49885143352
2674.0,2.34617464045
2675.0,2.40431028598
2676.0,2.51748762398
2677.0,2.20069001068
2678.0,2.23804581058
2679.0,2.32201919745
2680.0,2.51857261191
2681.0,2.17756797625
2682.0,2.28486937127
2683.0,2.38583432288
2684.0,2.29545923466
2685.0,2.23995527648
2686.0,2.21846876562
2687.0,2.26417944957
2688.0,2.27132166967
2689.0,2.2839414499
2690.0,2.19948079688
2691.0,2.36491339217
2692.0,2.20740553072
2693.0,2.18259053408
2694.0,2.24246123887
2695.0,2.34243955719
2696.0,2.3490292135
2697.0,2.29010600477
2698.0,2.29256936156
2699.0,2.37783615997
2700.0,2.28840325678
2701.0,2.15277714034
2702.0,2.05651515939
2703.0,2.25037878314
2704.0,2.30925802683
2705.0,3.63708464958
2706.0,3.71076483822
2707.0,4.06426380179
2708.0,4.27075103478
2709.0,4.22764745361
2710.0,4.30776864362
2711.0,4.46103398573
2712.0,4.5202446996
2713.0,4.53834427987
2714.0,4.61002841032
2715.0,4.6176275206
2716.0,4.49149591102
2717.0,4.4939117122
2718.0,4.527541134
2719.0,4.47025511179
2720.0,3.69802002291
2721.0,3.72685279067
2722.0,3.88575313112
2723.0,4.33235602351
2724.0,4.52613820277
2725.0,4.51735464753
2726.0,4.34889793032
2727.0,4.21375070048
2728.0,4.33979520017
2729.0,4.50734699423
2730.0,4.51915126527
2731.0,4.32675441202
2732.0,4.62820598638
2733.0,4.72897087364
2734.0,4.60312072264
2735.0,4.48998316192
2736.0,4.26344081663
2737.0,4.26244375069
2738.0,4.61627682555
2739.0,4.74382787849
2740.0,4.71270166562
2741.0,4.72204726014
2742.0,4.82660132203
2743.0,4.82938058766
2744.0,4.80100178581
2745.0,4.63264482151
2746.0,3.80774835838
2747.0,4.22113723115
2748.0,3.85607668617
2749.0,3.87107115604
2750.0,4.16632018082
2751.0,4.14596965772
2752.0,4.24193778145
2753.0,4.48369510504
2754.0,4.58510108058
2755.0,4.56143495296
2756.0,4.52737648373
2757.0,4.62911397357
2758.0,4.70750427585
2759.0,4.54089541484
2760.0,4.46791235609
2761.0,4.55919078395
2762.0,4.63291188112
2763.0,4.97988127093
2764.0,5.58539895794
2765.0,5.74145419241
2766.0,5.84125040022
2767.0,5.68321297106
2768.0,5.61227286093
2769.0,5.64086970564
2770.0,5.68047401738
2771.0,5.74255080794
2772.0,5.74081872831
2773.0,5.66568995573
2774.0,5.77157087074
2775.0,5.85522243241
2776.0,5.76062280905
2777.0,5.78515830415
2778.0,5.80407134731
2779.0,5.77034216875
2780.0,5.3532048028
2781.0,5.71502059401
2782.0,5.67006249793
2783.0,5.85280862938
2784.0,5.86504343838
2785.0,5.83793143413
2786.0,5.79003306524
2787.0,5.23473610269
2788.0,5.09475261281
2789.0,5.35590574736
2790.0,5.41080149335
2791.0,5.71136806724
2792.0,5.88057684259
2793.0,5.84504450883
2794.0,5.92691221911
2795.0,5.94588383286
2796.0,5.84355112803
2797.0,5.83737800554
2798.0,5.82963865234
2799.0,5.5505293552
2800.0,5.22703578238
2801.0,2.00898523037
2802.0,1.9133963941
2803.0,2.07759363309
2804.0,2.07951666342
2805.0,2.00932252371
2806.0,1.9113181341
2807.0,1.93205679529
2808.0,1.99519421456
2809.0,2.02245166561
2810.0,2.00703817279
2811.0,1.81055159582
2812.0,1.85644361589
2813.0,2.00299556917
2814.0,2.05253459368
2815.0,2.01500199107
2816.0,2.0758429702
2817.0,2.04152983756
2818.0,1.95783787566
2819.0,2.00889880129
2820.0,2.1053094275
2821.0,2.06247838149
2822.0,1.95614758612
2823.0,1.96064954278
2824.0,2.04514817917
2825.0,2.14672265961
2826.0,2.08503431819
2827.0,2.23004704942
2828.0,2.31256876059
2829.0,2.34884036101
2830.0,2.23182919207
2831.0,2.13852931753
2832.0,2.25007702054
2833.0,2.14893600524
2834.0,2.23348024546
2835.0,2.16966906046
2836.0,2.16971515951
2837.0,2.09275771226
2838.0,2.02648230257
2839.0,2.17653871864
2840.0,2.40273125381
2841.0,2.14339124515
2842.0,2.04589693362
2843.0,1.98145347012
2844.0,2.16094490921
2845.0,2.24727445137
2846.0,2.03700733794
2847.0,2.01112896209
2848.0,2.11152525541
2849.0,2.1620295507
2850.0,2.32571973129
2851.0,2.04921945649
2852.0,1.94182647011
2853.0,2.19538448599
2854.0,2.30207983294
2855.0,2.21324886767
2856.0,2.11298474995
2857.0,2.05594132384
2858.0,2.22761452256
2859.0,2.29956447531
2860.0,2.14552382331
2861.0,2.01440924355
2862.0,2.17080463254
2863.0,2.35128416269
2864.0,2.03400448594
2865.0,1.88473048659
2866.0,2.17175540808
2867.0,2.28863914354
2868.0,2.25579132589
2869.0,2.01256206238
2870.0,1.95224370533
2871.0,2.09012277245
2872.0,4.49324155503
2873.0,4.48053644012
2874.0,4.4667658029
2875.0,4.52342549764
2876.0,4.56712811557
2877.0,4.67987794991
2878.0,4.68674544727
2879.0,4.68321160406
2880.0,4.70534240271
2881.0,4.69252997491
2882.0,4.76816003281
2883.0,4.74104608873
2884.0,4.658344899
2885.0,4.70753776854
2886.0,4.73493005481
2887.0,4.70386245713
2888.0,4.66789944312
2889.0,4.48696390239
2890.0,4.48315873174
2891.0,4.66827833612
2892.0,4.66567109906
2893.0,4.71006858043
2894.0,4.55242769657
2895.0,4.65003246715
2896.0,4.63442998259
2897.0,4.58761274461
2898.0,4.6790683515
2899.0,4.65688837129
2900.0,4.61985005594
2901.0,4.6912337763
2902.0,4.65580407163
2903.0,4.67587223036
2904.0,4.62562352401
2905.0,4.59495948047
2906.0,4.67004192002
2907.0,4.70537617154
2908.0,4.83072350033
2909.0,4.53483542107
2910.0,4.51667221175
2911.0,4.2717350656
2912.0,3.91063879962
2913.0,3.47175809556
2914.0,3.73090390776
2915.0,4.49481848702
2916.0,4.45142053038
2917.0,4.50143656836
2918.0,4.49536311226
2919.0,4.49945278337
2920.0,4.55783117001
2921.0,4.58618190172
2922.0,4.62466146963
2923.0,4.16242782916
2924.0,4.47463324666
2925.0,4.50273596295
2926.0,4.40146155571
2927.0,4.40822190526
2928.0,4.4994536353
2929.0,4.59232643303
2930.0,4.57697603013
2931.0,4.4896011894
2932.0,4.43807550155
2933.0,4.49857298752
2934.0,4.59064874311
2935.0,4.5367429637
2936.0,4.4458532753
2937.0,4.55302720174
2938.0,4.11022924084
2939.0,5.44277128
2940.0,5.71975982213
2941.0,5.69821122444
2942.0,5.69709027393
2943.0,5.72403239677
2944.0,5.73850821924
2945.0,5.68720989357
2946.0,5.64493951061
2947.0,5.69063759742
2948.0,5.63424414966
2949.0,5.49411453543
2950.0,5.48612685938
2951.0,5.61032411768
2952.0,5.69951968824
2953.0,5.68626301932
2954.0,5.66019495116
2955.0,5.67762942629
2956.0,5.11440490068
2957.0,5.52038085652
2958.0,5.66382120125
2959.0,5.71828353572
2960.0,5.68502920458
2961.0,5.66645599346
2962.0,5.7524150635
2963.0,5.66139219875
2964.0,5.62568709628
2965.0,5.66501623113
2966.0,5.73375902453
2967.0,5.71509892289
2968.0,5.65740921565
2969.0,5.64118804921
2970.0,5.59630814829
2971.0,5.60804982177
2972.0,5.71284863049
2973.0,5.54532713488
2974.0,2.16225097126
2975.0,2.07123783388
2976.0,1.99844805294
2977.0,1.98096468474
2978.0,2.05688924622
2979.0,2.09706537276
2980.0,2.07772132702
2981.0,2.12773347685
2982.0,2.0767869962
2983.0,2.08646057922
2984.0,2.10566035533
2985.0,2.231580023
2986.0,2.24896611932
2987.0,2.18898866559
2988.0,2.10120943953
2989.0,2.06362783631
2990.0,2.06884130565
2991.0,1.9768875323
2992.0,1.97624503428
2993.0,1.94614344709
2994.0,1.97366636362
2995.0,2.05367534712
2996.0,1.98349819804
2997.0,2.05798990829
2998.0,2.16315779358
2999.0,2.20730511221
3000.0,2.20815140916
3001.0,2.14555777664
3002.0,2.07610861691
3003.0,2.14965252243
3004.0,2.20570336473
3005.0,2.08520664459
3006.0,2.0775694925
3007.0,2.218628973
3008.0,2.28350381832
3009.0,2.29457575866
3010.0,2.2359153198
3011.0,2.18415200098
3012.0,2.12787343109
3013.0,2.04592385638
3014.0,2.08082126968
3015.0,1.97101704862
3016.0,2.07129865138
3017.0,2.14690103644
3018.0,2.1803208966
3019.0,2.12412671053
3020.0,2.04677203833
3021.0,2.06439386032
3022.0,2.18510756465
3023.0,2.04402654366
3024.0,2.20407168186
3025.0,2.26643257905
3026.0,2.42889624476
3027.0,2.45819746891
3028.0,2.4000603748
3029.0,2.29930898348
3030.0,2.38480942046
3031.0,2.48504536734
3032.0,2.43625252691
3033.0,2.2516939058
3034.0,2.35637494249
3035.0,2.3470198929
3036.0,2.29798378366
3037.0,2.50647271378
3038.0,2.59556001218
3039.0,2.55298473287
3040.0,2.60256012427
3041.0,2.57994944405
3042.0,2.3935006869
3043.0,2.309271965
3044.0,2.43303951507
3045.0,2.52859589691
3046.0,2.53917671264
3047.0,2.55812553642
3048.0,2.5168152036
3049.0,2.42733930656
3050.0,2.49850692639
3051.0,4.29849488176
3052.0,4.56091087196
3053.0,4.62285523512
3054.0,4.51194508739
3055.0,4.49143653306
3056.0,4.58000486884
3057.0,4.56533846573
3058.0,4.56796307385
3059.0,4.63880261514
3060.0,4.63353872308
3061.0,4.23183854021
3062.0,3.99556808328
3063.0,4.16036308327
3064.0,4.43586565651
3065.0,4.56493957206
3066.0,4.56775758931
3067.0,4.44466891608
3068.0,4.45674932129
3069.0,4.53158304315
3070.0,4.49625077143
3071.0,4.40988219571
3072.0,4.51965555527
3073.0,4.53976852753
3074.0,4.38014656407
3075.0,4.52304754605
3076.0,4.36965736691
3077.0,4.29157720567
3078.0,4.37939618292
3079.0,3.83730072034
3080.0,3.94886654207
3081.0,4.55778594337
3082.0,4.5391690642
3083.0,4.48141234488
3084.0,4.47819424135
3085.0,4.24903765035
3086.0,3.92947082768
3087.0,4.09062975433
3088.0,4.45201619927
3089.0,4.55292110784
3090.0,4.55428711274
3091.0,4.55399838348
3092.0,4.43572593138
3093.0,4.57715574023
3094.0,4.6321422831
3095.0,4.6768173339
3096.0,4.71143296775
3097.0,4.66968778872
3098.0,4.70636638768
3099.0,4.7587426916
3100.0,4.76235447437
3101.0,4.79921690818
3102.0,4.70299076282
3103.0,4.5888151251
3104.0,4.63256652824
3105.0,4.73965398138
3106.0,4.72217837591
3107.0,4.61752255116
3108.0,4.61250857729
3109.0,4.66727450451
3110.0,4.66565942101
3111.0,4.67565970931
3112.0,4.6956265769
3113.0,4.67113969056
3114.0,4.53638450151
3115.0,3.98795770057
3116.0,4.23881369337
3117.0,4.17850775203
3118.0,4.24426324952
3119.0,4.33934103207
3120.0,4.3679940954
3121.0,4.49108971235
3122.0,4.62668238974
3123.0,4.5487007609
3124.0,4.47727401985
3125.0,4.49241230824
3126.0,4.53731593252
3127.0,4.54854120653
3128.0,4.58423025743
3129.0,4.56574303365
3130.0,4.2358375048
3131.0,5.35863931147
3132.0,5.67761651717
3133.0,5.76537309608
3134.0,5.80712998223
3135.0,5.79265266326
3136.0,5.76958578251
3137.0,5.77463647245
3138.0,5.82499931443
3139.0,5.78702035739
3140.0,5.78492297158
3141.0,5.85723557096
3142.0,5.80851102423
3143.0,5.78409274057
3144.0,5.86404160775
3145.0,5.78639985691
3146.0,5.73661148467
3147.0,5.71470242006
3148.0,5.67195954055
3149.0,5.76745242688
3150.0,4.87166043002
3151.0,5.34340657473
3152.0,5.58826709346
3153.0,5.58864689291
3154.0,5.67453894093
3155.0,5.63499293549
3156.0,5.63169929725
3157.0,5.87503648747
3158.0,5.83968488488
3159.0,5.6761301397
3160.0,5.34304317328
3161.0,5.32742738814
3162.0,5.67624811031
3163.0,5.77679511004
3164.0,5.72853307774
3165.0,5.68099647059
3166.0,2.35019830132
3167.0,2.18044492218
3168.0,2.03171230366
3169.0,1.94337015111
3170.0,2.02173185893
3171.0,2.06984264874
3172.0,2.14305168996
3173.0,2.1282722545
3174.0,1.99681246463
3175.0,1.96433689862
3176.0,1.91158282652
3177.0,1.97751479542
3178.0,2.27864640449
3179.0,2.0761676432
3180.0,2.01861538541
3181.0,2.03602051925
3182.0,2.02370040199
3183.0,2.02033626561
3184.0,2.13867370508
3185.0,1.97622320251
3186.0,2.03112045696
3187.0,1.84987969421
3188.0,1.9511374886
3189.0,2.0380656376
3190.0,1.97497873844
3191.0,2.28723316969
3192.0,2.09552722433
3193.0,1.84579379409
3194.0,2.03831327963
3195.0,2.20166997109
3196.0,2.25477315666
3197.0,2.19382816097
3198.0,2.30164919368
3199.0,2.20588887392
3200.0,2.13212832886
3201.0,2.04258800117
3202.0,2.10678280727
3203.0,2.12912433347
3204.0,2.19806158781
3205.0,2.01182480127
3206.0,2.12126824953
3207.0,2.07982611284
3208.0,2.09410467762
3209.0,2.05376953802
3210.0,2.04153139764
3211.0,1.91526484947
3212.0,2.06225908219
3213.0,2.06882786036
3214.0,2.16042808983
3215.0,2.24260525489
3216.0,2.28762191911
3217.0,2.30534516843
3218.0,2.30281315986
3219.0,2.3998991082
3220.0,2.46361981695
3221.0,2.42123461439
3222.0,2.33198349153
3223.0,2.20849806841
3224.0,2.25988637729
3225.0,2.28439180535
3226.0,2.21181850144
3227.0,2.27434066692
3228.0,2.44168324261
3229.0,2.47208312022
3230.0,2.29954434504
3231.0,2.34929331606
3232.0,2.30447585105
3233.0,2.45710682266
3234.0,2.30117781244
3235.0,2.21939464378
3236.0,2.33950518092
3237.0,2.40133119155
3238.0,4.03816345227
3239.0,4.58008993773
3240.0,4.57419083512
3241.0,4.57871605797
3242.0,4.57170653501
3243.0,4.56852950554
3244.0,4.6517768829
3245.0,4.67094159713
3246.0,4.63182452848
3247.0,4.6451757706
3248.0,4.58007679257
3249.0,4.58354342425
3250.0,4.65258816658
3251.0,4.673789717
3252.0,4.66711745712
3253.0,4.6585338783
3254.0,4.75339264283
3255.0,4.72433071771
3256.0,4.73564910905
3257.0,4.67016070999
3258.0,4.59023480637
3259.0,4.71423629132
3260.0,4.76821606429
3261.0,4.80905200082
3262.0,4.74960225563
3263.0,4.69214304568
3264.0,4.73995855853
3265.0,4.75175809226
3266.0,4.65757542237
3267.0,4.34299463093
3268.0,4.62480558469
3269.0,4.73737347005
3270.0,4.78537253386
3271.0,4.76932992553
3272.0,4.74021271326
3273.0,4.71049210211
3274.0,4.7278054402
3275.0,4.7682999858
3276.0,4.79003149451
3277.0,4.77494204033
3278.0,4.69060261673
3279.0,4.59610229391
3280.0,4.64591290744
3281.0,4.34934080731
3282.0,4.66694431187
3283.0,4.65766165165
3284.0,4.58955903127
3285.0,4.58494168509
3286.0,4.51787821355
3287.0,4.56659511774
3288.0,4.61609605057
3289.0,4.55270009132
3290.0,4.53840266609
3291.0,4.56503198886
3292.0,4.58137589937
3293.0,4.62304387536
3294.0,4.59630258205
3295.0,4.57881560869
3296.0,4.56271644973
3297.0,4.20477561103
3298.0,4.74806966056
3299.0,4.64449977649
3300.0,4.57519810607
3301.0,4.54197967764
3302.0,4.56097158943
3303.0,4.7207190372
3304.0,4.71789845897
3305.0,4.69830936074
3306.0,4.77548618457
3307.0,4.76972859139
3308.0,4.82285196132
3309.0,4.77858762054
3310.0,4.70876349621
3311.0,4.74049659097
3312.0,4.77520357421
3313.0,4.76873518959
3314.0,4.67361866037
3315.0,5.24909823793
3316.0,5.67817130213
3317.0,5.78434822751
3318.0,5.75440184752
3319.0,5.71941725994
3320.0,5.77121773204
3321.0,5.77426970902
3322.0,5.73104971379
3323.0,5.70195588658
3324.0,5.73742788652
3325.0,5.69655958025
3326.0,5.73433520317
3327.0,5.2830907668
3328.0,4.6700481628
3329.0,4.55903961705
3330.0,5.06531006944
3331.0,5.66431066796
3332.0,5.73392413865
3333.0,5.74855756677
3334.0,5.74724438442
3335.0,5.69053531935
3336.0,5.750494695
3337.0,5.77513289097
3338.0,5.7822542729
3339.0,5.8542957446
3340.0,5.79236338853
3341.0,5.69182667095
3342.0,5.71279974568
3343.0,5.71865644703
3344.0,5.74691598997
3345.0,5.80584998412
3346.0,5.72892530946
3347.0,5.73553380788
3348.0,5.50412771696
3349.0,2.33341172594
3350.0,2.03623628239
3351.0,2.06300062434
3352.0,2.17297895162
3353.0,2.16361809931
3354.0,2.14197097827
3355.0,2.21664313721
3356.0,2.0593004335
3357.0,2.07789508392
3358.0,2.21211840167
3359.0,2.1170763322
3360.0,2.03558797671
3361.0,1.99198653569
3362.0,1.96477216222
3363.0,2.0949451653
3364.0,2.13006302234
3365.0,2.15920163433
3366.0,2.16792583358
3367.0,2.13050102498
3381.0,2.20801352699
3382.0,2.09533303552
3383.0,2.14517920167
3384.0,2.15326074144
3385.0,2.1001886464
3386.0,2.04288043868
3387.0,1.89700087807
3388.0,1.94030029059
3389.0,2.19335285513
3390.0,2.28096899925
3391.0,2.41948340445
3392.0,2.56753419057
3393.0,2.50596029047
3394.0,2.40153600932
3395.0,2.43431960629
3396.0,2.44676450946
3397.0,2.24359933397
3398.0,2.18168888478
3399.0,2.08716679229
3400.0,2.06709902341
3401.0,2.10214255753
3402.0,2.13989783987
3403.0,2.17805768264
3404.0,2.08221700407
3405.0,2.2464995407
3406.0,2.29250189064
3407.0,2.39309048545
3408.0,2.40939246808
3409.0,2.39489755521
3410.0,2.46469394095
3411.0,2.50199845721
3412.0,2.48215986887
3413.0,2.25462709915
3414.0,2.1959111996
3415.0,2.22244349053
3416.0,2.24395974994
3417.0,2.15685770407
3418.0,2.04190873828
3419.0,2.04219291725
3420.0,2.21793021379
3421.0,2.25930210835
3422.0,2.23304337958
3423.0,2.39315839772
3424.0,2.41646148026
3425.0,2.36674896329
3426.0,2.38191075496
3427.0,2.37030399655
3428.0,3.49508431237
3429.0,4.09128800423
3430.0,4.44449534887
3431.0,4.66595199724
3432.0,4.72604771081
3433.0,4.68843115032
3434.0,4.67138827853
3435.0,4.69769712585
3436.0,4.61474052469
3437.0,4.64351625527
3438.0,4.67303754567
3439.0,4.62844631596
3440.0,4.70209408781
3441.0,4.68444380875
3442.0,4.72907680186
3443.0,4.73728126185
3444.0,4.64900091071
3445.0,4.8134403793
3446.0,4.64056854998
3447.0,4.61637557274
3448.0,4.6002051163
3449.0,4.55297684727
3450.0,4.59928535005
3451.0,4.63542859289
3452.0,4.71423924372
3453.0,4.75515574255
3454.0,4.71235237156
3455.0,4.72328308088
3456.0,4.80404491674
3457.0,4.71698949934
3458.0,4.61322831917
3459.0,4.60349682987
3460.0,4.65819680327
3461.0,4.72376606345
3462.0,4.55512164178
3463.0,4.21430570447
3464.0,4.57873568838
3465.0,4.53063886064
3466.0,4.35914695142
3467.0,4.29835044464
3468.0,4.3866038866
3469.0,4.47672969602
3470.0,4.63912393246
3471.0,4.6748784314
3472.0,4.60563131176
3473.0,4.56192553361
3474.0,4.60844444407
3475.0,4.64715010744
3476.0,4.6476913808
3477.0,4.67045788153
3478.0,4.61587607133
3479.0,4.17288470986
3480.0,4.62851050139
3481.0,4.58762521462
3482.0,4.63989371185
3483.0,4.71507749048
3484.0,4.70679156095
3485.0,4.5900951048
3486.0,4.50707677827
3487.0,4.61463193125
3488.0,4.68650655907
3489.0,4.57409321876
3490.0,4.56797092721
3491.0,4.63807360177
3492.0,4.7188131138
3493.0,4.7164870905
3494.0,4.17440704366
3495.0,4.54492388973
3496.0,4.95778959227
3497.0,5.25660638826
3498.0,5.45990887093
3499.0,5.61887086631
3500.0,5.67041101231
3501.0,5.73224909952
3502.0,5.78100762251
3503.0,5.8690159653
3504.0,5.81104117767
3505.0,5.83901975068
3506.0,5.88767279715
3507.0,5.86063935315
3508.0,5.72531995338
3509.0,5.02740215646
3510.0,5.07175465646
3511.0,5.45820016055
3512.0,5.73301827229
3513.0,5.81938720139
3514.0,5.90855802592
3515.0,5.79536591305
3516.0,5.73530427439
3517.0,5.76892304338
3518.0,5.76520694528
3519.0,5.78089059813
3520.0,5.81792025273
3521.0,5.89026531296
3522.0,5.9169750428
3523.0,5.83698109205
3524.0,5.83058485863
3525.0,5.84132877656
3526.0,5.81720577373
3527.0,5.89322191665
3528.0,5.83149616171
3529.0,5.57661535969
3559.0,2.10824047363
3560.0,2.01451724241
3561.0,2.12350570096
3562.0,2.11724930618
3563.0,2.08918492537
3564.0,2.24844599665
3565.0,2.23666811186
3566.0,2.19518902958
3567.0,2.0628653745
3568.0,1.92838864575
3569.0,2.00731779111
3570.0,2.00784385282
3574.0,2.45363554653
3575.0,2.37831938421
3576.0,2.39621729103
3577.0,2.50954173249
3606.0,3.89305258986
3607.0,4.4688629513
3608.0,4.27454446142
3609.0,4.19976354438
3610.0,4.41597458147
3611.0,4.57699082501
3612.0,4.57023499618
3613.0,4.56336803276
3614.0,4.59065956498
3615.0,4.60036115812
3616.0,4.57741565631
3617.0,4.60200091243
3618.0,4.64628337279
3619.0,4.56466737101
3620.0,4.57016720669
3621.0,4.60040077212
3622.0,4.52092189151
3623.0,4.34429867759
3624.0,4.37127067097
3625.0,4.58098344854
3626.0,3.97908085855
3627.0,3.73000624957
3628.0,4.02933028584
3629.0,4.60140970476
3630.0,4.39964681617
3631.0,4.30079235594
3632.0,4.53816578294
3633.0,4.67475383876
3634.0,4.64481108909
3635.0,4.65852577193
3636.0,4.6443423948
3637.0,4.64654864241
3638.0,4.69039679278
3639.0,4.59342853869
3640.0,4.55391637387
3641.0,4.61142450697
3642.0,4.63398313759
3647.0,5.01481053583
3648.0,5.30265114786
3649.0,5.21782873381
3650.0,5.14100922993
3651.0,5.10029718631
3652.0,5.05314470918
3653.0,5.12224096855
3654.0,5.17257228375
3655.0,5.29536878342
3656.0,5.3856216334
3657.0,5.36648046525
3658.0,5.44317053285
3659.0,5.46056430907
3660.0,5.39712127383
3661.0,5.38651012493
3662.0,5.31987091164
3663.0,5.34281032431
3664.0,5.41882137345
3665.0,5.41907141106
3666.0,4.33550630306
3667.0,4.45066652422
3668.0,4.35786776078
3669.0,4.33812275245
3670.0,4.38095628981
3671.0,4.52232129496
3672.0,4.58342621304
3673.0,4.45990135549
3674.0,4.6632395822
3675.0,4.84489977225
3676.0,4.70142498664
3677.0,4.67259874058
3678.0,4.76348241863
3679.0,4.79394261895
3680.0,4.74399546011
3681.0,4.74424256858
3682.0,4.72143205114
3683.0,4.7075222944
3684.0,5.60405934319
3685.0,5.77283294199
3686.0,5.83100205772
3687.0,5.77318362581
3688.0,5.76720205559
3689.0,5.83425824306
3690.0,5.83426233875
3691.0,5.66594041084
3692.0,5.55483341716
3693.0,5.7288484047
3694.0,5.75787288956
3695.0,5.63712083336
3696.0,5.61342523158
3697.0,5.72989239956
3698.0,5.80129213525
3699.0,5.76960373819
3700.0,5.79557424233
3701.0,5.87188292469
3702.0,5.83900426619
3703.0,5.82568291571
3704.0,5.89381346711
3705.0,5.27941896439
3706.0,5.58182817491
3707.0,5.53765535989
3708.0,5.63390778052
3709.0,5.74902242474
3710.0,5.71465918876
3711.0,5.66709386106
3712.0,5.75180285791
3713.0,5.86609970454
3714.0,5.8004357255
3715.0,5.70590891557
3716.0,5.69358874919
3717.0,5.84781627642
3718.0,5.81191863029
3719.0,5.74438103095
3720.0,5.72870464748
3721.0,5.64271003222
3722.0,5.65341747918
3723.0,5.62410321868
3724.0,5.45458201501
3826.0,5.22788226024
3827.0,5.67718993445
3828.0,5.69588304712
3829.0,5.67626166835
3830.0,5.31921488473
3831.0,5.26598275997
3832.0,5.53214595887
3833.0,5.66744299374
3834.0,5.59127861892
3835.0,5.56281874347
3836.0,5.57356857937
3837.0,5.51862218479
3838.0,5.58880405475
3839.0,5.67486101515
3840.0,5.61681918093
3862.0,5.16067603176
3863.0,5.61431857517
3864.0,5.22428402768
3865.0,5.17841987122
3866.0,5.49319669039
3867.0,5.5595106725
3868.0,5.46644252585
3869.0,5.50000005157
3870.0,5.63803470988
3871.0,5.50633222709
3872.0,5.33686987044
3873.0,5.41402038507
3874.0,5.46510541291
3875.0,5.50884004174
3876.0,5.50349429156
